[{"VideoNumber":"13","EventNumber":"1","Time":{"Start":"00:09:21","End":"00:09:44"}},{"VideoNumber":"13","EventNumber":"2","Time":{"Start":"00:09:51","End":"00:10:14"}},{"VideoNumber":"13","EventNumber":"3","Time":{"Start":"00:10:01","End":"00:10:24"}},{"VideoNumber":"13","EventNumber":"4","Time":{"Start":"00:10:31","End":"00:10:54"}},{"VideoNumber":"13","EventNumber":"5","Time":{"Start":"00:10:51","End":"00:11:14"}},{"VideoNumber":"13","EventNumber":"6","Time":{"Start":"00:12:21","End":"00:12:44"}},{"VideoNumber":"13","EventNumber":"7","Time":{"Start":"00:12:31","End":"00:12:54"}},{"VideoNumber":"13","EventNumber":"8","Time":{"Start":"00:14:21","End":"00:14:44"}},{"VideoNumber":"13","EventNumber":"9","Time":{"Start":"00:15:31","End":"00:15:54"}},{"VideoNumber":"13","EventNumber":"10","Time":{"Start":"00:21:31","End":"00:21:54"}},{"VideoNumber":"13","EventNumber":"11","Time":{"Start":"00:21:41","End":"00:22:04"}},{"VideoNumber":"13","EventNumber":"12","Time":{"Start":"00:22:31","End":"00:22:54"}},{"VideoNumber":"13","EventNumber":"13","Time":{"Start":"00:22:51","End":"00:23:14"}},{"VideoNumber":"13","EventNumber":"14","Time":{"Start":"00:23:11","End":"00:23:34"}},{"VideoNumber":"13","EventNumber":"15","Time":{"Start":"00:23:31","End":"00:23:54"}},{"VideoNumber":"13","EventNumber":"16","Time":{"Start":"00:27:41","End":"00:28:04"}},{"VideoNumber":"13","EventNumber":"17","Time":{"Start":"00:28:11","End":"00:28:34"}},{"VideoNumber":"13","EventNumber":"18","Time":{"Start":"00:28:21","End":"00:28:44"}},{"VideoNumber":"13","EventNumber":"19","Time":{"Start":"00:28:51","End":"00:29:14"}},{"VideoNumber":"13","EventNumber":"20","Time":{"Start":"00:29:21","End":"00:29:44"}},{"VideoNumber":"13","EventNumber":"21","Time":{"Start":"00:32:11","End":"00:32:34"}},{"VideoNumber":"13","EventNumber":"22","Time":{"Start":"00:32:41","End":"00:33:04"}},{"VideoNumber":"13","EventNumber":"23","Time":{"Start":"00:38:01","End":"00:38:24"}},{"VideoNumber":"13","EventNumber":"24","Time":{"Start":"00:39:11","End":"00:39:34"}},{"VideoNumber":"13","EventNumber":"25","Time":{"Start":"00:40:31","End":"00:40:54"}},{"VideoNumber":"13","EventNumber":"26","Time":{"Start":"00:45:31","End":"00:45:54"}},{"VideoNumber":"13","EventNumber":"27","Time":{"Start":"00:45:41","End":"00:46:04"}},{"VideoNumber":"13","EventNumber":"28","Time":{"Start":"00:46:01","End":"00:46:24"}},{"VideoNumber":"13","EventNumber":"29","Time":{"Start":"00:46:31","End":"00:46:54"}},{"VideoNumber":"13","EventNumber":"30","Time":{"Start":"00:48:11","End":"00:48:34"}},{"VideoNumber":"13","EventNumber":"31","Time":{"Start":"00:48:31","End":"00:48:54"}},{"VideoNumber":"13","EventNumber":"32","Time":{"Start":"00:53:51","End":"00:54:14"}},{"VideoNumber":"13","EventNumber":"33","Time":{"Start":"00:56:11","End":"00:56:34"}},{"VideoNumber":"13","EventNumber":"34","Time":{"Start":"00:56:31","End":"00:56:54"}},{"VideoNumber":"13","EventNumber":"35","Time":{"Start":"00:57:31","End":"00:57:54"}},{"VideoNumber":"13","EventNumber":"36","Time":{"Start":"00:58:51","End":"00:59:14"}},{"VideoNumber":"13","EventNumber":"37","Time":{"Start":"00:59:11","End":"00:59:34"}},{"VideoNumber":"13","EventNumber":"38","Time":{"Start":"01:03:41","End":"01:04:04"}},{"VideoNumber":"13","EventNumber":"39","Time":{"Start":"01:04:01","End":"01:04:24"}},{"VideoNumber":"13","EventNumber":"40","Time":{"Start":"01:04:21","End":"01:04:44"}},{"VideoNumber":"13","EventNumber":"41","Time":{"Start":"01:04:51","End":"01:05:14"}},{"VideoNumber":"13","EventNumber":"42","Time":{"Start":"01:06:11","End":"01:06:34"}},{"VideoNumber":"13","EventNumber":"43","Time":{"Start":"01:06:41","End":"01:07:04"}},{"VideoNumber":"13","EventNumber":"44","Time":{"Start":"01:08:11","End":"01:08:34"}},{"VideoNumber":"13","EventNumber":"45","Time":{"Start":"01:09:01","End":"01:09:24"}},{"VideoNumber":"13","EventNumber":"46","Time":{"Start":"01:09:41","End":"01:10:04"}},{"VideoNumber":"13","EventNumber":"47","Time":{"Start":"01:32:51","End":"01:33:14"}},{"VideoNumber":"13","EventNumber":"48","Time":{"Start":"01:33:31","End":"01:33:54"}},{"VideoNumber":"13","EventNumber":"49","Time":{"Start":"01:35:11","End":"01:35:34"}},{"VideoNumber":"13","EventNumber":"50","Time":{"Start":"01:36:01","End":"01:36:24"}},{"VideoNumber":"13","EventNumber":"51","Time":{"Start":"01:36:21","End":"01:36:44"}},{"VideoNumber":"13","EventNumber":"52","Time":{"Start":"01:42:21","End":"01:42:44"}},{"VideoNumber":"13","EventNumber":"53","Time":{"Start":"01:42:51","End":"01:43:14"}},{"VideoNumber":"13","EventNumber":"54","Time":{"Start":"01:45:21","End":"01:45:44"}},{"VideoNumber":"13","EventNumber":"55","Time":{"Start":"01:46:21","End":"01:46:44"}},{"VideoNumber":"13","EventNumber":"56","Time":{"Start":"01:46:41","End":"01:47:04"}},{"VideoNumber":"13","EventNumber":"57","Time":{"Start":"01:47:01","End":"01:47:24"}},{"VideoNumber":"13","EventNumber":"58","Time":{"Start":"01:47:41","End":"01:48:04"}},{"VideoNumber":"13","EventNumber":"59","Time":{"Start":"01:52:11","End":"01:52:34"}},{"VideoNumber":"13","EventNumber":"60","Time":{"Start":"01:52:21","End":"01:52:44"}},{"VideoNumber":"13","EventNumber":"61","Time":{"Start":"01:52:31","End":"01:52:54"}},{"VideoNumber":"13","EventNumber":"62","Time":{"Start":"01:53:11","End":"01:53:34"}},{"VideoNumber":"13","EventNumber":"63","Time":{"Start":"01:53:21","End":"01:53:44"}},{"VideoNumber":"13","EventNumber":"64","Time":{"Start":"01:54:11","End":"01:54:34"}},{"VideoNumber":"13","EventNumber":"65","Time":{"Start":"01:55:01","End":"01:55:24"}},{"VideoNumber":"13","EventNumber":"66","Time":{"Start":"01:55:31","End":"01:55:54"}},{"VideoNumber":"13","EventNumber":"67","Time":{"Start":"01:56:11","End":"01:56:34"}},{"VideoNumber":"13","EventNumber":"68","Time":{"Start":"01:56:51","End":"01:57:14"}},{"VideoNumber":"13","EventNumber":"69","Time":{"Start":"01:57:01","End":"01:57:24"}},{"VideoNumber":"13","EventNumber":"70","Time":{"Start":"02:00:01","End":"02:00:24"}},{"VideoNumber":"13","EventNumber":"71","Time":{"Start":"02:00:11","End":"02:00:34"}},{"VideoNumber":"13","EventNumber":"72","Time":{"Start":"02:00:31","End":"02:00:54"}},{"VideoNumber":"13","EventNumber":"73","Time":{"Start":"02:00:41","End":"02:01:04"}},{"VideoNumber":"13","EventNumber":"74","Time":{"Start":"02:00:51","End":"02:01:14"}},{"VideoNumber":"13","EventNumber":"75","Time":{"Start":"02:01:01","End":"02:01:24"}},{"VideoNumber":"13","EventNumber":"76","Time":{"Start":"02:05:31","End":"02:05:54"}},{"VideoNumber":"13","EventNumber":"77","Time":{"Start":"02:05:41","End":"02:06:04"}},{"VideoNumber":"13","EventNumber":"78","Time":{"Start":"02:07:21","End":"02:07:44"}},{"VideoNumber":"13","EventNumber":"79","Time":{"Start":"02:07:31","End":"02:07:54"}},{"VideoNumber":"13","EventNumber":"80","Time":{"Start":"02:11:01","End":"02:11:24"}},{"VideoNumber":"13","EventNumber":"81","Time":{"Start":"02:16:11","End":"02:16:34"}},{"VideoNumber":"13","EventNumber":"82","Time":{"Start":"02:17:21","End":"02:17:44"}},{"VideoNumber":"13","EventNumber":"83","Time":{"Start":"02:18:31","End":"02:18:54"}},{"VideoNumber":"13","EventNumber":"84","Time":{"Start":"02:19:01","End":"02:19:24"}},{"VideoNumber":"13","EventNumber":"85","Time":{"Start":"02:20:11","End":"02:20:34"}},{"VideoNumber":"13","EventNumber":"86","Time":{"Start":"02:23:21","End":"02:23:44"}},{"VideoNumber":"13","EventNumber":"87","Time":{"Start":"02:23:41","End":"02:24:04"}},{"VideoNumber":"13","EventNumber":"88","Time":{"Start":"02:28:21","End":"02:28:44"}},{"VideoNumber":"13","EventNumber":"89","Time":{"Start":"02:28:51","End":"02:29:14"}},{"VideoNumber":"13","EventNumber":"90","Time":{"Start":"02:33:11","End":"02:33:34"}},{"VideoNumber":"13","EventNumber":"91","Time":{"Start":"02:34:11","End":"02:34:34"}},{"VideoNumber":"13","EventNumber":"92","Time":{"Start":"02:34:31","End":"02:34:54"}},{"VideoNumber":"13","EventNumber":"93","Time":{"Start":"02:35:31","End":"02:35:54"}},{"VideoNumber":"13","EventNumber":"94","Time":{"Start":"02:37:01","End":"02:37:24"}},{"VideoNumber":"13","EventNumber":"95","Time":{"Start":"02:37:11","End":"02:37:34"}},{"VideoNumber":"13","EventNumber":"96","Time":{"Start":"02:38:01","End":"02:38:24"}},{"VideoNumber":"13","EventNumber":"97","Time":{"Start":"02:38:21","End":"02:38:44"}},{"VideoNumber":"13","EventNumber":"98","Time":{"Start":"02:38:51","End":"02:39:14"}},{"VideoNumber":"13","EventNumber":"99","Time":{"Start":"02:40:31","End":"02:40:54"}},{"VideoNumber":"13","EventNumber":"100","Time":{"Start":"02:40:51","End":"02:41:14"}},{"VideoNumber":"13","EventNumber":"101","Time":{"Start":"02:42:11","End":"02:42:34"}},{"VideoNumber":"13","EventNumber":"102","Time":{"Start":"02:45:31","End":"02:45:54"}},{"VideoNumber":"13","EventNumber":"103","Time":{"Start":"02:45:51","End":"02:46:14"}},{"VideoNumber":"13","EventNumber":"104","Time":{"Start":"02:46:21","End":"02:46:44"}},{"VideoNumber":"13","EventNumber":"105","Time":{"Start":"02:48:11","End":"02:48:34"}},{"VideoNumber":"13","EventNumber":"106","Time":{"Start":"02:48:21","End":"02:48:44"}},{"VideoNumber":"13","EventNumber":"107","Time":{"Start":"02:50:11","End":"02:50:34"}},{"VideoNumber":"13","EventNumber":"108","Time":{"Start":"02:52:51","End":"02:53:14"}},{"VideoNumber":"13","EventNumber":"109","Time":{"Start":"02:53:11","End":"02:53:34"}}]