[{"VideoNumber":"1","EventNumber":"1","Time":{"Start":"00:37:51","End":"00:38:14"}},{"VideoNumber":"1","EventNumber":"2","Time":{"Start":"00:42:51","End":"00:43:14"}},{"VideoNumber":"1","EventNumber":"3","Time":{"Start":"00:43:01","End":"00:43:24"}},{"VideoNumber":"1","EventNumber":"4","Time":{"Start":"00:44:51","End":"00:45:14"}},{"VideoNumber":"1","EventNumber":"5","Time":{"Start":"00:45:01","End":"00:45:24"}},{"VideoNumber":"1","EventNumber":"6","Time":{"Start":"00:45:21","End":"00:45:44"}},{"VideoNumber":"1","EventNumber":"7","Time":{"Start":"00:46:01","End":"00:46:24"}},{"VideoNumber":"1","EventNumber":"8","Time":{"Start":"00:49:31","End":"00:49:54"}},{"VideoNumber":"1","EventNumber":"9","Time":{"Start":"00:51:21","End":"00:51:44"}},{"VideoNumber":"1","EventNumber":"10","Time":{"Start":"00:52:11","End":"00:52:34"}},{"VideoNumber":"1","EventNumber":"11","Time":{"Start":"00:53:21","End":"00:53:44"}},{"VideoNumber":"1","EventNumber":"12","Time":{"Start":"00:53:41","End":"00:54:04"}},{"VideoNumber":"1","EventNumber":"13","Time":{"Start":"00:55:21","End":"00:55:44"}},{"VideoNumber":"1","EventNumber":"14","Time":{"Start":"00:55:31","End":"00:55:54"}},{"VideoNumber":"1","EventNumber":"15","Time":{"Start":"00:57:21","End":"00:57:44"}},{"VideoNumber":"1","EventNumber":"16","Time":{"Start":"00:58:51","End":"00:59:14"}},{"VideoNumber":"1","EventNumber":"17","Time":{"Start":"01:00:21","End":"01:00:44"}},{"VideoNumber":"1","EventNumber":"18","Time":{"Start":"01:01:01","End":"01:01:24"}},{"VideoNumber":"1","EventNumber":"19","Time":{"Start":"01:02:11","End":"01:02:34"}},{"VideoNumber":"1","EventNumber":"20","Time":{"Start":"01:02:51","End":"01:03:14"}},{"VideoNumber":"1","EventNumber":"21","Time":{"Start":"01:05:11","End":"01:05:34"}},{"VideoNumber":"1","EventNumber":"22","Time":{"Start":"01:05:51","End":"01:06:14"}},{"VideoNumber":"1","EventNumber":"23","Time":{"Start":"01:06:21","End":"01:06:44"}},{"VideoNumber":"1","EventNumber":"24","Time":{"Start":"01:06:41","End":"01:07:04"}},{"VideoNumber":"1","EventNumber":"25","Time":{"Start":"01:07:51","End":"01:08:14"}},{"VideoNumber":"1","EventNumber":"26","Time":{"Start":"01:08:51","End":"01:09:14"}},{"VideoNumber":"1","EventNumber":"27","Time":{"Start":"01:09:11","End":"01:09:34"}},{"VideoNumber":"1","EventNumber":"28","Time":{"Start":"01:09:21","End":"01:09:44"}},{"VideoNumber":"1","EventNumber":"29","Time":{"Start":"01:12:01","End":"01:12:24"}},{"VideoNumber":"1","EventNumber":"30","Time":{"Start":"01:13:31","End":"01:13:54"}},{"VideoNumber":"1","EventNumber":"31","Time":{"Start":"01:14:11","End":"01:14:34"}},{"VideoNumber":"1","EventNumber":"32","Time":{"Start":"01:15:11","End":"01:15:34"}},{"VideoNumber":"1","EventNumber":"33","Time":{"Start":"01:16:51","End":"01:17:14"}},{"VideoNumber":"1","EventNumber":"34","Time":{"Start":"01:17:01","End":"01:17:24"}},{"VideoNumber":"1","EventNumber":"35","Time":{"Start":"01:17:41","End":"01:18:04"}},{"VideoNumber":"1","EventNumber":"36","Time":{"Start":"01:18:21","End":"01:18:44"}},{"VideoNumber":"1","EventNumber":"37","Time":{"Start":"01:19:21","End":"01:19:44"}},{"VideoNumber":"1","EventNumber":"38","Time":{"Start":"01:20:41","End":"01:21:04"}},{"VideoNumber":"1","EventNumber":"39","Time":{"Start":"01:21:31","End":"01:21:54"}},{"VideoNumber":"1","EventNumber":"40","Time":{"Start":"01:22:51","End":"01:23:14"}},{"VideoNumber":"1","EventNumber":"41","Time":{"Start":"01:23:41","End":"01:24:04"}},{"VideoNumber":"1","EventNumber":"42","Time":{"Start":"01:25:41","End":"01:26:04"}},{"VideoNumber":"1","EventNumber":"43","Time":{"Start":"01:26:51","End":"01:27:14"}},{"VideoNumber":"1","EventNumber":"44","Time":{"Start":"01:27:31","End":"01:27:54"}},{"VideoNumber":"1","EventNumber":"45","Time":{"Start":"01:28:11","End":"01:28:34"}},{"VideoNumber":"1","EventNumber":"46","Time":{"Start":"01:28:51","End":"01:29:14"}},{"VideoNumber":"1","EventNumber":"47","Time":{"Start":"01:29:31","End":"01:29:54"}},{"VideoNumber":"1","EventNumber":"48","Time":{"Start":"01:31:21","End":"01:31:44"}},{"VideoNumber":"1","EventNumber":"49","Time":{"Start":"01:32:01","End":"01:32:24"}},{"VideoNumber":"1","EventNumber":"50","Time":{"Start":"01:32:51","End":"01:33:14"}},{"VideoNumber":"1","EventNumber":"51","Time":{"Start":"01:35:01","End":"01:35:24"}},{"VideoNumber":"1","EventNumber":"52","Time":{"Start":"01:35:21","End":"01:35:44"}},{"VideoNumber":"1","EventNumber":"53","Time":{"Start":"01:35:51","End":"01:36:14"}},{"VideoNumber":"1","EventNumber":"54","Time":{"Start":"01:37:51","End":"01:38:14"}},{"VideoNumber":"1","EventNumber":"55","Time":{"Start":"01:39:11","End":"01:39:34"}},{"VideoNumber":"1","EventNumber":"56","Time":{"Start":"01:40:41","End":"01:41:04"}},{"VideoNumber":"1","EventNumber":"57","Time":{"Start":"01:41:31","End":"01:41:54"}},{"VideoNumber":"1","EventNumber":"58","Time":{"Start":"01:43:01","End":"01:43:24"}},{"VideoNumber":"1","EventNumber":"59","Time":{"Start":"01:43:51","End":"01:44:14"}},{"VideoNumber":"1","EventNumber":"60","Time":{"Start":"01:44:31","End":"01:44:54"}},{"VideoNumber":"1","EventNumber":"61","Time":{"Start":"01:45:51","End":"01:46:14"}},{"VideoNumber":"1","EventNumber":"62","Time":{"Start":"01:46:41","End":"01:47:04"}},{"VideoNumber":"1","EventNumber":"63","Time":{"Start":"01:47:21","End":"01:47:44"}},{"VideoNumber":"1","EventNumber":"64","Time":{"Start":"01:49:41","End":"01:50:04"}},{"VideoNumber":"1","EventNumber":"65","Time":{"Start":"01:51:51","End":"01:52:14"}},{"VideoNumber":"1","EventNumber":"66","Time":{"Start":"01:55:11","End":"01:55:34"}},{"VideoNumber":"1","EventNumber":"67","Time":{"Start":"01:56:21","End":"01:56:44"}},{"VideoNumber":"1","EventNumber":"68","Time":{"Start":"01:58:21","End":"01:58:44"}},{"VideoNumber":"1","EventNumber":"69","Time":{"Start":"01:58:51","End":"01:59:14"}},{"VideoNumber":"1","EventNumber":"70","Time":{"Start":"01:59:31","End":"01:59:54"}},{"VideoNumber":"1","EventNumber":"71","Time":{"Start":"02:02:01","End":"02:02:24"}},{"VideoNumber":"1","EventNumber":"72","Time":{"Start":"02:03:21","End":"02:03:44"}},{"VideoNumber":"1","EventNumber":"73","Time":{"Start":"02:05:21","End":"02:05:44"}},{"VideoNumber":"1","EventNumber":"74","Time":{"Start":"02:06:21","End":"02:06:44"}},{"VideoNumber":"1","EventNumber":"75","Time":{"Start":"02:09:21","End":"02:09:44"}},{"VideoNumber":"1","EventNumber":"76","Time":{"Start":"02:12:01","End":"02:12:24"}},{"VideoNumber":"1","EventNumber":"77","Time":{"Start":"02:13:01","End":"02:13:24"}},{"VideoNumber":"1","EventNumber":"78","Time":{"Start":"02:14:11","End":"02:14:34"}},{"VideoNumber":"1","EventNumber":"79","Time":{"Start":"02:15:01","End":"02:15:24"}},{"VideoNumber":"1","EventNumber":"80","Time":{"Start":"02:17:01","End":"02:17:24"}},{"VideoNumber":"1","EventNumber":"81","Time":{"Start":"02:18:21","End":"02:18:44"}},{"VideoNumber":"1","EventNumber":"82","Time":{"Start":"02:19:11","End":"02:19:34"}},{"VideoNumber":"1","EventNumber":"83","Time":{"Start":"02:36:01","End":"02:36:24"}},{"VideoNumber":"1","EventNumber":"84","Time":{"Start":"02:37:41","End":"02:38:04"}},{"VideoNumber":"1","EventNumber":"85","Time":{"Start":"02:38:21","End":"02:38:44"}},{"VideoNumber":"1","EventNumber":"86","Time":{"Start":"02:39:51","End":"02:40:14"}},{"VideoNumber":"1","EventNumber":"87","Time":{"Start":"02:40:01","End":"02:40:24"}},{"VideoNumber":"1","EventNumber":"88","Time":{"Start":"02:41:31","End":"02:41:54"}},{"VideoNumber":"1","EventNumber":"89","Time":{"Start":"02:42:21","End":"02:42:44"}},{"VideoNumber":"1","EventNumber":"90","Time":{"Start":"02:42:51","End":"02:43:14"}},{"VideoNumber":"1","EventNumber":"91","Time":{"Start":"02:44:51","End":"02:45:14"}},{"VideoNumber":"1","EventNumber":"92","Time":{"Start":"02:45:51","End":"02:46:14"}},{"VideoNumber":"1","EventNumber":"93","Time":{"Start":"02:47:51","End":"02:48:14"}},{"VideoNumber":"1","EventNumber":"94","Time":{"Start":"02:48:01","End":"02:48:24"}},{"VideoNumber":"1","EventNumber":"95","Time":{"Start":"03:13:01","End":"03:13:24"}},{"VideoNumber":"1","EventNumber":"96","Time":{"Start":"03:16:11","End":"03:16:34"}},{"VideoNumber":"1","EventNumber":"97","Time":{"Start":"03:18:41","End":"03:19:04"}},{"VideoNumber":"1","EventNumber":"98","Time":{"Start":"03:20:51","End":"03:21:14"}},{"VideoNumber":"1","EventNumber":"99","Time":{"Start":"03:22:51","End":"03:23:14"}},{"VideoNumber":"1","EventNumber":"100","Time":{"Start":"03:26:01","End":"03:26:24"}},{"VideoNumber":"1","EventNumber":"101","Time":{"Start":"03:28:41","End":"03:29:04"}},{"VideoNumber":"1","EventNumber":"102","Time":{"Start":"03:39:51","End":"03:40:14"}},{"VideoNumber":"1","EventNumber":"103","Time":{"Start":"03:44:51","End":"03:45:14"}},{"VideoNumber":"1","EventNumber":"104","Time":{"Start":"03:45:41","End":"03:46:04"}}]