[{"VideoNumber":"101","EventNumber":"1","Time":{"Start":"00:15:31","End":"00:15:54"}},{"VideoNumber":"101","EventNumber":"2","Time":{"Start":"00:44:41","End":"00:45:04"}},{"VideoNumber":"101","EventNumber":"3","Time":{"Start":"00:54:41","End":"00:55:04"}},{"VideoNumber":"101","EventNumber":"4","Time":{"Start":"00:58:31","End":"00:58:54"}},{"VideoNumber":"101","EventNumber":"5","Time":{"Start":"01:19:51","End":"01:20:14"}},{"VideoNumber":"101","EventNumber":"6","Time":{"Start":"01:20:01","End":"01:20:24"}},{"VideoNumber":"101","EventNumber":"7","Time":{"Start":"01:23:21","End":"01:23:44"}},{"VideoNumber":"101","EventNumber":"8","Time":{"Start":"01:24:01","End":"01:24:24"}},{"VideoNumber":"101","EventNumber":"9","Time":{"Start":"01:31:21","End":"01:31:44"}},{"VideoNumber":"101","EventNumber":"10","Time":{"Start":"01:38:11","End":"01:38:34"}},{"VideoNumber":"101","EventNumber":"11","Time":{"Start":"01:39:51","End":"01:40:14"}},{"VideoNumber":"100","EventNumber":"12","Time":{"Start":"00:27:11","End":"00:27:34"}},{"VideoNumber":"100","EventNumber":"13","Time":{"Start":"00:27:31","End":"00:27:54"}},{"VideoNumber":"100","EventNumber":"14","Time":{"Start":"00:27:41","End":"00:28:04"}},{"VideoNumber":"100","EventNumber":"15","Time":{"Start":"00:27:51","End":"00:28:14"}},{"VideoNumber":"100","EventNumber":"16","Time":{"Start":"00:28:41","End":"00:29:04"}},{"VideoNumber":"100","EventNumber":"17","Time":{"Start":"00:32:11","End":"00:32:34"}},{"VideoNumber":"100","EventNumber":"18","Time":{"Start":"00:36:11","End":"00:36:34"}},{"VideoNumber":"100","EventNumber":"19","Time":{"Start":"00:43:11","End":"00:43:34"}},{"VideoNumber":"100","EventNumber":"20","Time":{"Start":"00:51:51","End":"00:52:14"}},{"VideoNumber":"10","EventNumber":"21","Time":{"Start":"00:37:31","End":"00:37:54"}},{"VideoNumber":"10","EventNumber":"22","Time":{"Start":"00:45:11","End":"00:45:34"}},{"VideoNumber":"10","EventNumber":"23","Time":{"Start":"00:45:31","End":"00:45:54"}},{"VideoNumber":"10","EventNumber":"24","Time":{"Start":"00:46:11","End":"00:46:34"}},{"VideoNumber":"10","EventNumber":"25","Time":{"Start":"00:46:21","End":"00:46:44"}},{"VideoNumber":"10","EventNumber":"26","Time":{"Start":"00:46:31","End":"00:46:54"}},{"VideoNumber":"10","EventNumber":"27","Time":{"Start":"00:47:11","End":"00:47:34"}},{"VideoNumber":"10","EventNumber":"28","Time":{"Start":"00:47:41","End":"00:48:04"}},{"VideoNumber":"10","EventNumber":"29","Time":{"Start":"00:48:01","End":"00:48:24"}},{"VideoNumber":"10","EventNumber":"30","Time":{"Start":"00:48:31","End":"00:48:54"}},{"VideoNumber":"10","EventNumber":"31","Time":{"Start":"00:48:41","End":"00:49:04"}},{"VideoNumber":"10","EventNumber":"32","Time":{"Start":"00:49:11","End":"00:49:34"}},{"VideoNumber":"10","EventNumber":"33","Time":{"Start":"00:49:21","End":"00:49:44"}},{"VideoNumber":"10","EventNumber":"34","Time":{"Start":"00:50:11","End":"00:50:34"}},{"VideoNumber":"10","EventNumber":"35","Time":{"Start":"00:50:21","End":"00:50:44"}},{"VideoNumber":"10","EventNumber":"36","Time":{"Start":"00:52:31","End":"00:52:54"}},{"VideoNumber":"10","EventNumber":"37","Time":{"Start":"00:53:01","End":"00:53:24"}},{"VideoNumber":"10","EventNumber":"38","Time":{"Start":"00:57:21","End":"00:57:44"}},{"VideoNumber":"10","EventNumber":"39","Time":{"Start":"00:58:31","End":"00:58:54"}},{"VideoNumber":"10","EventNumber":"40","Time":{"Start":"00:58:51","End":"00:59:14"}},{"VideoNumber":"10","EventNumber":"41","Time":{"Start":"01:02:01","End":"01:02:24"}},{"VideoNumber":"10","EventNumber":"42","Time":{"Start":"01:05:41","End":"01:06:04"}},{"VideoNumber":"10","EventNumber":"43","Time":{"Start":"01:12:11","End":"01:12:34"}},{"VideoNumber":"10","EventNumber":"44","Time":{"Start":"01:12:21","End":"01:12:44"}},{"VideoNumber":"10","EventNumber":"45","Time":{"Start":"01:13:31","End":"01:13:54"}},{"VideoNumber":"10","EventNumber":"46","Time":{"Start":"01:16:01","End":"01:16:24"}},{"VideoNumber":"10","EventNumber":"47","Time":{"Start":"01:16:11","End":"01:16:34"}},{"VideoNumber":"10","EventNumber":"48","Time":{"Start":"01:16:51","End":"01:17:14"}},{"VideoNumber":"10","EventNumber":"49","Time":{"Start":"01:17:21","End":"01:17:44"}},{"VideoNumber":"10","EventNumber":"50","Time":{"Start":"01:17:31","End":"01:17:54"}},{"VideoNumber":"10","EventNumber":"51","Time":{"Start":"01:19:01","End":"01:19:24"}},{"VideoNumber":"10","EventNumber":"52","Time":{"Start":"01:20:21","End":"01:20:44"}},{"VideoNumber":"10","EventNumber":"53","Time":{"Start":"01:21:21","End":"01:21:44"}},{"VideoNumber":"10","EventNumber":"54","Time":{"Start":"01:25:01","End":"01:25:24"}},{"VideoNumber":"10","EventNumber":"55","Time":{"Start":"01:25:41","End":"01:26:04"}},{"VideoNumber":"10","EventNumber":"56","Time":{"Start":"01:25:51","End":"01:26:14"}},{"VideoNumber":"10","EventNumber":"57","Time":{"Start":"01:30:21","End":"01:30:44"}},{"VideoNumber":"10","EventNumber":"58","Time":{"Start":"01:30:51","End":"01:31:14"}},{"VideoNumber":"10","EventNumber":"59","Time":{"Start":"01:34:11","End":"01:34:34"}},{"VideoNumber":"10","EventNumber":"60","Time":{"Start":"01:34:31","End":"01:34:54"}},{"VideoNumber":"10","EventNumber":"61","Time":{"Start":"01:35:41","End":"01:36:04"}},{"VideoNumber":"10","EventNumber":"62","Time":{"Start":"01:38:01","End":"01:38:24"}},{"VideoNumber":"10","EventNumber":"63","Time":{"Start":"01:49:11","End":"01:49:34"}},{"VideoNumber":"10","EventNumber":"64","Time":{"Start":"01:49:31","End":"01:49:54"}},{"VideoNumber":"10","EventNumber":"65","Time":{"Start":"01:50:01","End":"01:50:24"}},{"VideoNumber":"10","EventNumber":"66","Time":{"Start":"01:50:11","End":"01:50:34"}},{"VideoNumber":"10","EventNumber":"67","Time":{"Start":"01:51:31","End":"01:51:54"}},{"VideoNumber":"10","EventNumber":"68","Time":{"Start":"01:54:31","End":"01:54:54"}},{"VideoNumber":"10","EventNumber":"69","Time":{"Start":"01:58:21","End":"01:58:44"}},{"VideoNumber":"10","EventNumber":"70","Time":{"Start":"01:58:31","End":"01:58:54"}},{"VideoNumber":"10","EventNumber":"71","Time":{"Start":"02:04:51","End":"02:05:14"}},{"VideoNumber":"10","EventNumber":"72","Time":{"Start":"02:23:31","End":"02:23:54"}},{"VideoNumber":"10","EventNumber":"73","Time":{"Start":"02:25:01","End":"02:25:24"}},{"VideoNumber":"10","EventNumber":"74","Time":{"Start":"02:34:51","End":"02:35:14"}},{"VideoNumber":"10","EventNumber":"75","Time":{"Start":"02:36:21","End":"02:36:44"}},{"VideoNumber":"1","EventNumber":"76","Time":{"Start":"02:12:01","End":"02:12:24"}},{"VideoNumber":"1","EventNumber":"77","Time":{"Start":"02:13:01","End":"02:13:24"}},{"VideoNumber":"1","EventNumber":"78","Time":{"Start":"02:14:11","End":"02:14:34"}},{"VideoNumber":"1","EventNumber":"79","Time":{"Start":"02:15:01","End":"02:15:24"}},{"VideoNumber":"1","EventNumber":"80","Time":{"Start":"02:17:01","End":"02:17:24"}},{"VideoNumber":"1","EventNumber":"81","Time":{"Start":"02:18:21","End":"02:18:44"}},{"VideoNumber":"1","EventNumber":"82","Time":{"Start":"02:19:11","End":"02:19:34"}},{"VideoNumber":"1","EventNumber":"83","Time":{"Start":"02:36:01","End":"02:36:24"}},{"VideoNumber":"1","EventNumber":"84","Time":{"Start":"02:37:41","End":"02:38:04"}},{"VideoNumber":"1","EventNumber":"85","Time":{"Start":"02:38:21","End":"02:38:44"}},{"VideoNumber":"1","EventNumber":"86","Time":{"Start":"02:39:51","End":"02:40:14"}},{"VideoNumber":"1","EventNumber":"87","Time":{"Start":"02:40:01","End":"02:40:24"}},{"VideoNumber":"1","EventNumber":"88","Time":{"Start":"02:41:31","End":"02:41:54"}},{"VideoNumber":"1","EventNumber":"89","Time":{"Start":"02:42:21","End":"02:42:44"}},{"VideoNumber":"1","EventNumber":"90","Time":{"Start":"02:42:51","End":"02:43:14"}},{"VideoNumber":"1","EventNumber":"91","Time":{"Start":"02:44:51","End":"02:45:14"}},{"VideoNumber":"1","EventNumber":"92","Time":{"Start":"02:45:51","End":"02:46:14"}},{"VideoNumber":"1","EventNumber":"93","Time":{"Start":"02:47:51","End":"02:48:14"}},{"VideoNumber":"1","EventNumber":"94","Time":{"Start":"02:48:01","End":"02:48:24"}},{"VideoNumber":"1","EventNumber":"95","Time":{"Start":"03:13:01","End":"03:13:24"}},{"VideoNumber":"1","EventNumber":"96","Time":{"Start":"03:16:11","End":"03:16:34"}},{"VideoNumber":"1","EventNumber":"97","Time":{"Start":"03:18:41","End":"03:19:04"}},{"VideoNumber":"1","EventNumber":"98","Time":{"Start":"03:20:51","End":"03:21:14"}},{"VideoNumber":"1","EventNumber":"99","Time":{"Start":"03:22:51","End":"03:23:14"}},{"VideoNumber":"1","EventNumber":"100","Time":{"Start":"03:26:01","End":"03:26:24"}},{"VideoNumber":"1","EventNumber":"101","Time":{"Start":"03:28:41","End":"03:29:04"}},{"VideoNumber":"1","EventNumber":"102","Time":{"Start":"03:39:51","End":"03:40:14"}},{"VideoNumber":"1","EventNumber":"103","Time":{"Start":"03:44:51","End":"03:45:14"}},{"VideoNumber":"1","EventNumber":"104","Time":{"Start":"03:45:41","End":"03:46:04"}}]