[{"VideoNumber":"17","EventNumber":"1","Time":{"Start":"00:10:41","End":"00:11:04"}},{"VideoNumber":"17","EventNumber":"2","Time":{"Start":"00:16:51","End":"00:17:14"}},{"VideoNumber":"17","EventNumber":"3","Time":{"Start":"00:17:41","End":"00:18:04"}},{"VideoNumber":"17","EventNumber":"4","Time":{"Start":"00:17:51","End":"00:18:14"}},{"VideoNumber":"17","EventNumber":"5","Time":{"Start":"00:19:21","End":"00:19:44"}},{"VideoNumber":"17","EventNumber":"6","Time":{"Start":"00:19:31","End":"00:19:54"}},{"VideoNumber":"17","EventNumber":"7","Time":{"Start":"00:19:41","End":"00:20:04"}},{"VideoNumber":"17","EventNumber":"8","Time":{"Start":"00:20:11","End":"00:20:34"}},{"VideoNumber":"17","EventNumber":"9","Time":{"Start":"00:23:21","End":"00:23:44"}},{"VideoNumber":"17","EventNumber":"10","Time":{"Start":"00:26:11","End":"00:26:34"}},{"VideoNumber":"17","EventNumber":"11","Time":{"Start":"00:27:51","End":"00:28:14"}},{"VideoNumber":"17","EventNumber":"12","Time":{"Start":"00:28:01","End":"00:28:24"}},{"VideoNumber":"17","EventNumber":"13","Time":{"Start":"00:29:11","End":"00:29:34"}},{"VideoNumber":"17","EventNumber":"14","Time":{"Start":"00:31:11","End":"00:31:34"}},{"VideoNumber":"17","EventNumber":"15","Time":{"Start":"00:31:51","End":"00:32:14"}},{"VideoNumber":"17","EventNumber":"16","Time":{"Start":"00:32:21","End":"00:32:44"}},{"VideoNumber":"17","EventNumber":"17","Time":{"Start":"00:33:51","End":"00:34:14"}},{"VideoNumber":"17","EventNumber":"18","Time":{"Start":"00:34:31","End":"00:34:54"}},{"VideoNumber":"17","EventNumber":"19","Time":{"Start":"00:35:01","End":"00:35:24"}},{"VideoNumber":"17","EventNumber":"20","Time":{"Start":"00:35:31","End":"00:35:54"}},{"VideoNumber":"17","EventNumber":"21","Time":{"Start":"00:35:51","End":"00:36:14"}},{"VideoNumber":"17","EventNumber":"22","Time":{"Start":"00:37:31","End":"00:37:54"}},{"VideoNumber":"17","EventNumber":"23","Time":{"Start":"00:38:01","End":"00:38:24"}},{"VideoNumber":"17","EventNumber":"24","Time":{"Start":"00:39:01","End":"00:39:24"}},{"VideoNumber":"17","EventNumber":"25","Time":{"Start":"00:39:31","End":"00:39:54"}},{"VideoNumber":"17","EventNumber":"26","Time":{"Start":"00:39:51","End":"00:40:14"}},{"VideoNumber":"17","EventNumber":"27","Time":{"Start":"00:40:51","End":"00:41:14"}},{"VideoNumber":"17","EventNumber":"28","Time":{"Start":"00:41:21","End":"00:41:44"}},{"VideoNumber":"17","EventNumber":"29","Time":{"Start":"00:42:21","End":"00:42:44"}},{"VideoNumber":"17","EventNumber":"30","Time":{"Start":"00:42:41","End":"00:43:04"}},{"VideoNumber":"17","EventNumber":"31","Time":{"Start":"00:43:21","End":"00:43:44"}},{"VideoNumber":"17","EventNumber":"32","Time":{"Start":"00:43:31","End":"00:43:54"}},{"VideoNumber":"17","EventNumber":"33","Time":{"Start":"00:43:51","End":"00:44:14"}},{"VideoNumber":"17","EventNumber":"34","Time":{"Start":"00:46:21","End":"00:46:44"}},{"VideoNumber":"17","EventNumber":"35","Time":{"Start":"00:48:11","End":"00:48:34"}},{"VideoNumber":"17","EventNumber":"36","Time":{"Start":"00:48:41","End":"00:49:04"}},{"VideoNumber":"17","EventNumber":"37","Time":{"Start":"00:50:11","End":"00:50:34"}},{"VideoNumber":"17","EventNumber":"38","Time":{"Start":"00:50:41","End":"00:51:04"}},{"VideoNumber":"17","EventNumber":"39","Time":{"Start":"00:51:11","End":"00:51:34"}},{"VideoNumber":"17","EventNumber":"40","Time":{"Start":"00:52:21","End":"00:52:44"}},{"VideoNumber":"17","EventNumber":"41","Time":{"Start":"00:52:51","End":"00:53:14"}},{"VideoNumber":"17","EventNumber":"42","Time":{"Start":"00:53:11","End":"00:53:34"}},{"VideoNumber":"17","EventNumber":"43","Time":{"Start":"00:54:01","End":"00:54:24"}},{"VideoNumber":"17","EventNumber":"44","Time":{"Start":"00:55:41","End":"00:56:04"}},{"VideoNumber":"17","EventNumber":"45","Time":{"Start":"00:55:51","End":"00:56:14"}},{"VideoNumber":"17","EventNumber":"46","Time":{"Start":"00:57:21","End":"00:57:44"}},{"VideoNumber":"17","EventNumber":"47","Time":{"Start":"00:57:41","End":"00:58:04"}},{"VideoNumber":"17","EventNumber":"48","Time":{"Start":"00:58:11","End":"00:58:34"}},{"VideoNumber":"17","EventNumber":"49","Time":{"Start":"00:58:51","End":"00:59:14"}},{"VideoNumber":"17","EventNumber":"50","Time":{"Start":"01:02:01","End":"01:02:24"}},{"VideoNumber":"17","EventNumber":"51","Time":{"Start":"01:02:41","End":"01:03:04"}},{"VideoNumber":"17","EventNumber":"52","Time":{"Start":"01:04:01","End":"01:04:24"}},{"VideoNumber":"17","EventNumber":"53","Time":{"Start":"01:04:21","End":"01:04:44"}},{"VideoNumber":"17","EventNumber":"54","Time":{"Start":"01:04:31","End":"01:04:54"}},{"VideoNumber":"17","EventNumber":"55","Time":{"Start":"01:05:41","End":"01:06:04"}},{"VideoNumber":"17","EventNumber":"56","Time":{"Start":"01:06:01","End":"01:06:24"}},{"VideoNumber":"17","EventNumber":"57","Time":{"Start":"01:06:11","End":"01:06:34"}},{"VideoNumber":"17","EventNumber":"58","Time":{"Start":"01:06:41","End":"01:07:04"}},{"VideoNumber":"17","EventNumber":"59","Time":{"Start":"01:08:21","End":"01:08:44"}},{"VideoNumber":"17","EventNumber":"60","Time":{"Start":"01:12:21","End":"01:12:44"}},{"VideoNumber":"17","EventNumber":"61","Time":{"Start":"01:12:31","End":"01:12:54"}},{"VideoNumber":"17","EventNumber":"62","Time":{"Start":"01:13:01","End":"01:13:24"}},{"VideoNumber":"17","EventNumber":"63","Time":{"Start":"01:13:11","End":"01:13:34"}},{"VideoNumber":"17","EventNumber":"64","Time":{"Start":"01:13:21","End":"01:13:44"}},{"VideoNumber":"17","EventNumber":"65","Time":{"Start":"01:15:21","End":"01:15:44"}},{"VideoNumber":"17","EventNumber":"66","Time":{"Start":"01:16:31","End":"01:16:54"}},{"VideoNumber":"17","EventNumber":"67","Time":{"Start":"01:17:01","End":"01:17:24"}},{"VideoNumber":"17","EventNumber":"68","Time":{"Start":"01:17:31","End":"01:17:54"}},{"VideoNumber":"17","EventNumber":"69","Time":{"Start":"01:19:01","End":"01:19:24"}},{"VideoNumber":"17","EventNumber":"70","Time":{"Start":"01:19:21","End":"01:19:44"}},{"VideoNumber":"17","EventNumber":"71","Time":{"Start":"01:19:51","End":"01:20:14"}},{"VideoNumber":"17","EventNumber":"72","Time":{"Start":"01:20:21","End":"01:20:44"}},{"VideoNumber":"17","EventNumber":"73","Time":{"Start":"01:21:11","End":"01:21:34"}},{"VideoNumber":"17","EventNumber":"74","Time":{"Start":"01:21:31","End":"01:21:54"}},{"VideoNumber":"17","EventNumber":"75","Time":{"Start":"01:22:51","End":"01:23:14"}},{"VideoNumber":"17","EventNumber":"76","Time":{"Start":"01:24:11","End":"01:24:34"}},{"VideoNumber":"17","EventNumber":"77","Time":{"Start":"01:24:41","End":"01:25:04"}},{"VideoNumber":"17","EventNumber":"78","Time":{"Start":"01:25:21","End":"01:25:44"}},{"VideoNumber":"17","EventNumber":"79","Time":{"Start":"01:25:51","End":"01:26:14"}},{"VideoNumber":"17","EventNumber":"80","Time":{"Start":"01:26:11","End":"01:26:34"}},{"VideoNumber":"17","EventNumber":"81","Time":{"Start":"01:28:21","End":"01:28:44"}},{"VideoNumber":"17","EventNumber":"82","Time":{"Start":"01:29:11","End":"01:29:34"}},{"VideoNumber":"17","EventNumber":"83","Time":{"Start":"01:29:31","End":"01:29:54"}},{"VideoNumber":"17","EventNumber":"84","Time":{"Start":"01:30:01","End":"01:30:24"}},{"VideoNumber":"17","EventNumber":"85","Time":{"Start":"01:30:11","End":"01:30:34"}},{"VideoNumber":"17","EventNumber":"86","Time":{"Start":"01:31:11","End":"01:31:34"}},{"VideoNumber":"17","EventNumber":"87","Time":{"Start":"01:32:11","End":"01:32:34"}},{"VideoNumber":"17","EventNumber":"88","Time":{"Start":"01:32:51","End":"01:33:14"}},{"VideoNumber":"17","EventNumber":"89","Time":{"Start":"01:33:31","End":"01:33:54"}},{"VideoNumber":"17","EventNumber":"90","Time":{"Start":"01:34:01","End":"01:34:24"}},{"VideoNumber":"17","EventNumber":"91","Time":{"Start":"01:36:01","End":"01:36:24"}},{"VideoNumber":"17","EventNumber":"92","Time":{"Start":"01:36:11","End":"01:36:34"}},{"VideoNumber":"17","EventNumber":"93","Time":{"Start":"01:51:51","End":"01:52:14"}},{"VideoNumber":"17","EventNumber":"94","Time":{"Start":"01:52:01","End":"01:52:24"}},{"VideoNumber":"17","EventNumber":"95","Time":{"Start":"01:52:21","End":"01:52:44"}},{"VideoNumber":"17","EventNumber":"96","Time":{"Start":"01:53:31","End":"01:53:54"}},{"VideoNumber":"17","EventNumber":"97","Time":{"Start":"01:55:01","End":"01:55:24"}},{"VideoNumber":"17","EventNumber":"98","Time":{"Start":"01:57:11","End":"01:57:34"}},{"VideoNumber":"17","EventNumber":"99","Time":{"Start":"01:58:21","End":"01:58:44"}},{"VideoNumber":"17","EventNumber":"100","Time":{"Start":"01:59:01","End":"01:59:24"}},{"VideoNumber":"17","EventNumber":"101","Time":{"Start":"02:00:01","End":"02:00:24"}},{"VideoNumber":"17","EventNumber":"102","Time":{"Start":"02:01:21","End":"02:01:44"}},{"VideoNumber":"17","EventNumber":"103","Time":{"Start":"02:02:31","End":"02:02:54"}},{"VideoNumber":"17","EventNumber":"104","Time":{"Start":"02:03:51","End":"02:04:14"}},{"VideoNumber":"17","EventNumber":"105","Time":{"Start":"02:05:01","End":"02:05:24"}},{"VideoNumber":"17","EventNumber":"106","Time":{"Start":"02:06:01","End":"02:06:24"}},{"VideoNumber":"17","EventNumber":"107","Time":{"Start":"02:06:21","End":"02:06:44"}},{"VideoNumber":"17","EventNumber":"108","Time":{"Start":"02:07:01","End":"02:07:24"}},{"VideoNumber":"17","EventNumber":"109","Time":{"Start":"02:09:31","End":"02:09:54"}},{"VideoNumber":"17","EventNumber":"110","Time":{"Start":"02:11:51","End":"02:12:14"}},{"VideoNumber":"17","EventNumber":"111","Time":{"Start":"02:13:01","End":"02:13:24"}},{"VideoNumber":"17","EventNumber":"112","Time":{"Start":"02:13:51","End":"02:14:14"}},{"VideoNumber":"17","EventNumber":"113","Time":{"Start":"02:15:41","End":"02:16:04"}},{"VideoNumber":"17","EventNumber":"114","Time":{"Start":"02:16:21","End":"02:16:44"}},{"VideoNumber":"17","EventNumber":"115","Time":{"Start":"02:18:11","End":"02:18:34"}},{"VideoNumber":"17","EventNumber":"116","Time":{"Start":"02:19:31","End":"02:19:54"}},{"VideoNumber":"17","EventNumber":"117","Time":{"Start":"02:20:51","End":"02:21:14"}},{"VideoNumber":"17","EventNumber":"118","Time":{"Start":"02:22:01","End":"02:22:24"}},{"VideoNumber":"17","EventNumber":"119","Time":{"Start":"02:22:51","End":"02:23:14"}},{"VideoNumber":"17","EventNumber":"120","Time":{"Start":"02:25:51","End":"02:26:14"}},{"VideoNumber":"17","EventNumber":"121","Time":{"Start":"02:26:51","End":"02:27:14"}},{"VideoNumber":"17","EventNumber":"122","Time":{"Start":"02:27:21","End":"02:27:44"}},{"VideoNumber":"17","EventNumber":"123","Time":{"Start":"02:27:51","End":"02:28:14"}},{"VideoNumber":"17","EventNumber":"124","Time":{"Start":"02:28:01","End":"02:28:24"}},{"VideoNumber":"17","EventNumber":"125","Time":{"Start":"02:29:41","End":"02:30:04"}},{"VideoNumber":"17","EventNumber":"126","Time":{"Start":"02:30:01","End":"02:30:24"}},{"VideoNumber":"17","EventNumber":"127","Time":{"Start":"02:30:21","End":"02:30:44"}},{"VideoNumber":"17","EventNumber":"128","Time":{"Start":"02:30:51","End":"02:31:14"}},{"VideoNumber":"17","EventNumber":"129","Time":{"Start":"02:32:51","End":"02:33:14"}},{"VideoNumber":"17","EventNumber":"130","Time":{"Start":"02:33:11","End":"02:33:34"}},{"VideoNumber":"17","EventNumber":"131","Time":{"Start":"02:33:41","End":"02:34:04"}},{"VideoNumber":"17","EventNumber":"132","Time":{"Start":"02:34:21","End":"02:34:44"}},{"VideoNumber":"17","EventNumber":"133","Time":{"Start":"02:35:11","End":"02:35:34"}},{"VideoNumber":"17","EventNumber":"134","Time":{"Start":"02:35:21","End":"02:35:44"}},{"VideoNumber":"17","EventNumber":"135","Time":{"Start":"02:35:51","End":"02:36:14"}},{"VideoNumber":"17","EventNumber":"136","Time":{"Start":"02:37:21","End":"02:37:44"}},{"VideoNumber":"17","EventNumber":"137","Time":{"Start":"02:38:01","End":"02:38:24"}},{"VideoNumber":"17","EventNumber":"138","Time":{"Start":"02:38:31","End":"02:38:54"}},{"VideoNumber":"17","EventNumber":"139","Time":{"Start":"02:38:51","End":"02:39:14"}},{"VideoNumber":"17","EventNumber":"140","Time":{"Start":"02:39:11","End":"02:39:34"}},{"VideoNumber":"17","EventNumber":"141","Time":{"Start":"02:42:41","End":"02:43:04"}},{"VideoNumber":"17","EventNumber":"142","Time":{"Start":"02:43:21","End":"02:43:44"}},{"VideoNumber":"17","EventNumber":"143","Time":{"Start":"02:43:51","End":"02:44:14"}},{"VideoNumber":"17","EventNumber":"144","Time":{"Start":"02:45:01","End":"02:45:24"}},{"VideoNumber":"17","EventNumber":"145","Time":{"Start":"02:46:11","End":"02:46:34"}},{"VideoNumber":"17","EventNumber":"146","Time":{"Start":"02:46:21","End":"02:46:44"}},{"VideoNumber":"17","EventNumber":"147","Time":{"Start":"02:49:41","End":"02:50:04"}},{"VideoNumber":"17","EventNumber":"148","Time":{"Start":"02:50:21","End":"02:50:44"}},{"VideoNumber":"17","EventNumber":"149","Time":{"Start":"02:52:01","End":"02:52:24"}},{"VideoNumber":"17","EventNumber":"150","Time":{"Start":"02:54:01","End":"02:54:24"}},{"VideoNumber":"17","EventNumber":"151","Time":{"Start":"02:54:11","End":"02:54:34"}},{"VideoNumber":"17","EventNumber":"152","Time":{"Start":"02:54:21","End":"02:54:44"}},{"VideoNumber":"17","EventNumber":"153","Time":{"Start":"02:55:21","End":"02:55:44"}},{"VideoNumber":"17","EventNumber":"154","Time":{"Start":"02:57:31","End":"02:57:54"}},{"VideoNumber":"17","EventNumber":"155","Time":{"Start":"02:58:11","End":"02:58:34"}},{"VideoNumber":"76","EventNumber":"156","Time":{"Start":"05:02:21","End":"05:02:44"}},{"VideoNumber":"76","EventNumber":"157","Time":{"Start":"05:07:31","End":"05:07:54"}},{"VideoNumber":"76","EventNumber":"158","Time":{"Start":"05:07:51","End":"05:08:14"}},{"VideoNumber":"76","EventNumber":"159","Time":{"Start":"05:09:41","End":"05:10:04"}},{"VideoNumber":"76","EventNumber":"160","Time":{"Start":"06:35:21","End":"06:35:44"}},{"VideoNumber":"76","EventNumber":"161","Time":{"Start":"06:42:11","End":"06:42:34"}},{"VideoNumber":"76","EventNumber":"162","Time":{"Start":"06:42:31","End":"06:42:54"}},{"VideoNumber":"76","EventNumber":"163","Time":{"Start":"06:42:51","End":"06:43:14"}},{"VideoNumber":"76","EventNumber":"164","Time":{"Start":"06:43:31","End":"06:43:54"}},{"VideoNumber":"76","EventNumber":"165","Time":{"Start":"06:43:51","End":"06:44:14"}},{"VideoNumber":"76","EventNumber":"166","Time":{"Start":"06:44:51","End":"06:45:14"}},{"VideoNumber":"76","EventNumber":"167","Time":{"Start":"06:46:11","End":"06:46:34"}},{"VideoNumber":"76","EventNumber":"168","Time":{"Start":"06:46:51","End":"06:47:14"}},{"VideoNumber":"76","EventNumber":"169","Time":{"Start":"06:48:11","End":"06:48:34"}},{"VideoNumber":"76","EventNumber":"170","Time":{"Start":"06:48:41","End":"06:49:04"}},{"VideoNumber":"76","EventNumber":"171","Time":{"Start":"06:49:31","End":"06:49:54"}},{"VideoNumber":"76","EventNumber":"172","Time":{"Start":"06:52:31","End":"06:52:54"}},{"VideoNumber":"76","EventNumber":"173","Time":{"Start":"06:55:21","End":"06:55:44"}},{"VideoNumber":"76","EventNumber":"174","Time":{"Start":"06:57:51","End":"06:58:14"}},{"VideoNumber":"76","EventNumber":"175","Time":{"Start":"06:58:21","End":"06:58:44"}},{"VideoNumber":"76","EventNumber":"176","Time":{"Start":"06:59:31","End":"06:59:54"}},{"VideoNumber":"52","EventNumber":"177","Time":{"Start":"02:05:51","End":"02:06:14"}},{"VideoNumber":"52","EventNumber":"178","Time":{"Start":"02:06:11","End":"02:06:34"}},{"VideoNumber":"52","EventNumber":"179","Time":{"Start":"02:10:21","End":"02:10:44"}},{"VideoNumber":"52","EventNumber":"180","Time":{"Start":"02:10:41","End":"02:11:04"}},{"VideoNumber":"52","EventNumber":"181","Time":{"Start":"02:11:01","End":"02:11:24"}},{"VideoNumber":"52","EventNumber":"182","Time":{"Start":"02:11:21","End":"02:11:44"}},{"VideoNumber":"52","EventNumber":"183","Time":{"Start":"02:11:41","End":"02:12:04"}},{"VideoNumber":"52","EventNumber":"184","Time":{"Start":"02:12:11","End":"02:12:34"}},{"VideoNumber":"52","EventNumber":"185","Time":{"Start":"02:12:51","End":"02:13:14"}},{"VideoNumber":"52","EventNumber":"186","Time":{"Start":"02:13:01","End":"02:13:24"}},{"VideoNumber":"52","EventNumber":"187","Time":{"Start":"02:13:31","End":"02:13:54"}},{"VideoNumber":"52","EventNumber":"188","Time":{"Start":"02:14:01","End":"02:14:24"}},{"VideoNumber":"52","EventNumber":"189","Time":{"Start":"02:14:31","End":"02:14:54"}},{"VideoNumber":"52","EventNumber":"190","Time":{"Start":"02:15:01","End":"02:15:24"}},{"VideoNumber":"52","EventNumber":"191","Time":{"Start":"02:15:21","End":"02:15:44"}},{"VideoNumber":"52","EventNumber":"192","Time":{"Start":"02:15:51","End":"02:16:14"}},{"VideoNumber":"52","EventNumber":"193","Time":{"Start":"02:17:31","End":"02:17:54"}},{"VideoNumber":"52","EventNumber":"194","Time":{"Start":"02:17:41","End":"02:18:04"}},{"VideoNumber":"52","EventNumber":"195","Time":{"Start":"02:18:41","End":"02:19:04"}},{"VideoNumber":"52","EventNumber":"196","Time":{"Start":"02:19:01","End":"02:19:24"}},{"VideoNumber":"52","EventNumber":"197","Time":{"Start":"02:19:31","End":"02:19:54"}},{"VideoNumber":"52","EventNumber":"198","Time":{"Start":"02:20:11","End":"02:20:34"}},{"VideoNumber":"52","EventNumber":"199","Time":{"Start":"02:21:11","End":"02:21:34"}},{"VideoNumber":"52","EventNumber":"200","Time":{"Start":"02:21:51","End":"02:22:14"}},{"VideoNumber":"52","EventNumber":"201","Time":{"Start":"02:22:51","End":"02:23:14"}},{"VideoNumber":"52","EventNumber":"202","Time":{"Start":"02:23:11","End":"02:23:34"}},{"VideoNumber":"2","EventNumber":"203","Time":{"Start":"06:21:26","End":"06:21:49"}},{"VideoNumber":"2","EventNumber":"204","Time":{"Start":"06:23:06","End":"06:23:29"}},{"VideoNumber":"2","EventNumber":"205","Time":{"Start":"06:24:06","End":"06:24:29"}},{"VideoNumber":"2","EventNumber":"206","Time":{"Start":"06:24:46","End":"06:25:09"}},{"VideoNumber":"2","EventNumber":"207","Time":{"Start":"06:25:26","End":"06:25:49"}},{"VideoNumber":"2","EventNumber":"208","Time":{"Start":"06:26:46","End":"06:27:09"}},{"VideoNumber":"2","EventNumber":"209","Time":{"Start":"06:29:36","End":"06:29:59"}},{"VideoNumber":"2","EventNumber":"210","Time":{"Start":"06:30:36","End":"06:30:59"}},{"VideoNumber":"2","EventNumber":"211","Time":{"Start":"06:31:16","End":"06:31:39"}},{"VideoNumber":"2","EventNumber":"212","Time":{"Start":"06:34:36","End":"06:34:59"}},{"VideoNumber":"2","EventNumber":"213","Time":{"Start":"06:36:36","End":"06:36:59"}},{"VideoNumber":"2","EventNumber":"214","Time":{"Start":"06:38:16","End":"06:38:39"}},{"VideoNumber":"2","EventNumber":"215","Time":{"Start":"06:39:16","End":"06:39:39"}},{"VideoNumber":"2","EventNumber":"216","Time":{"Start":"06:41:06","End":"06:41:29"}},{"VideoNumber":"2","EventNumber":"217","Time":{"Start":"06:42:06","End":"06:42:29"}},{"VideoNumber":"2","EventNumber":"218","Time":{"Start":"06:43:46","End":"06:44:09"}},{"VideoNumber":"2","EventNumber":"219","Time":{"Start":"06:44:56","End":"06:45:19"}},{"VideoNumber":"2","EventNumber":"220","Time":{"Start":"06:46:36","End":"06:46:59"}},{"VideoNumber":"2","EventNumber":"221","Time":{"Start":"06:47:16","End":"06:47:39"}},{"VideoNumber":"2","EventNumber":"222","Time":{"Start":"06:48:46","End":"06:49:09"}},{"VideoNumber":"2","EventNumber":"223","Time":{"Start":"06:49:16","End":"06:49:39"}},{"VideoNumber":"2","EventNumber":"224","Time":{"Start":"06:49:56","End":"06:50:19"}},{"VideoNumber":"2","EventNumber":"225","Time":{"Start":"06:50:56","End":"06:51:19"}},{"VideoNumber":"2","EventNumber":"226","Time":{"Start":"06:52:06","End":"06:52:29"}},{"VideoNumber":"2","EventNumber":"227","Time":{"Start":"06:53:06","End":"06:53:29"}},{"VideoNumber":"2","EventNumber":"228","Time":{"Start":"06:53:46","End":"06:54:09"}},{"VideoNumber":"2","EventNumber":"229","Time":{"Start":"06:54:36","End":"06:54:59"}},{"VideoNumber":"2","EventNumber":"230","Time":{"Start":"06:56:06","End":"06:56:29"}},{"VideoNumber":"2","EventNumber":"231","Time":{"Start":"06:57:46","End":"06:58:09"}},{"VideoNumber":"2","EventNumber":"232","Time":{"Start":"06:58:36","End":"06:58:59"}},{"VideoNumber":"2","EventNumber":"233","Time":{"Start":"06:59:06","End":"06:59:29"}},{"VideoNumber":"2","EventNumber":"234","Time":{"Start":"07:01:26","End":"07:01:49"}},{"VideoNumber":"2","EventNumber":"235","Time":{"Start":"07:03:56","End":"07:04:19"}},{"VideoNumber":"2","EventNumber":"236","Time":{"Start":"07:04:26","End":"07:04:49"}},{"VideoNumber":"2","EventNumber":"237","Time":{"Start":"07:11:16","End":"07:11:39"}},{"VideoNumber":"2","EventNumber":"238","Time":{"Start":"07:12:46","End":"07:13:09"}},{"VideoNumber":"2","EventNumber":"239","Time":{"Start":"07:14:06","End":"07:14:29"}},{"VideoNumber":"2","EventNumber":"240","Time":{"Start":"07:14:56","End":"07:15:19"}},{"VideoNumber":"2","EventNumber":"241","Time":{"Start":"07:17:46","End":"07:18:09"}},{"VideoNumber":"2","EventNumber":"242","Time":{"Start":"07:18:26","End":"07:18:49"}},{"VideoNumber":"2","EventNumber":"243","Time":{"Start":"07:19:26","End":"07:19:49"}},{"VideoNumber":"2","EventNumber":"244","Time":{"Start":"07:20:06","End":"07:20:29"}},{"VideoNumber":"2","EventNumber":"245","Time":{"Start":"07:22:56","End":"07:23:19"}},{"VideoNumber":"2","EventNumber":"246","Time":{"Start":"07:23:36","End":"07:23:59"}},{"VideoNumber":"2","EventNumber":"247","Time":{"Start":"07:25:46","End":"07:26:09"}},{"VideoNumber":"2","EventNumber":"248","Time":{"Start":"07:26:56","End":"07:27:19"}},{"VideoNumber":"2","EventNumber":"249","Time":{"Start":"07:29:46","End":"07:30:09"}},{"VideoNumber":"2","EventNumber":"250","Time":{"Start":"07:31:16","End":"07:31:39"}},{"VideoNumber":"2","EventNumber":"251","Time":{"Start":"07:31:56","End":"07:32:19"}},{"VideoNumber":"2","EventNumber":"252","Time":{"Start":"07:32:26","End":"07:32:49"}},{"VideoNumber":"2","EventNumber":"253","Time":{"Start":"07:33:06","End":"07:33:29"}},{"VideoNumber":"2","EventNumber":"254","Time":{"Start":"07:40:26","End":"07:40:49"}}]