[{"VideoNumber":"16","EventNumber":"1","Time":{"Start":"00:03:01","End":"00:03:24"}},{"VideoNumber":"16","EventNumber":"2","Time":{"Start":"00:04:11","End":"00:04:34"}},{"VideoNumber":"16","EventNumber":"3","Time":{"Start":"00:04:51","End":"00:05:14"}},{"VideoNumber":"16","EventNumber":"4","Time":{"Start":"00:06:01","End":"00:06:24"}},{"VideoNumber":"16","EventNumber":"5","Time":{"Start":"00:07:21","End":"00:07:44"}},{"VideoNumber":"16","EventNumber":"6","Time":{"Start":"00:09:31","End":"00:09:54"}},{"VideoNumber":"16","EventNumber":"7","Time":{"Start":"00:10:41","End":"00:11:04"}},{"VideoNumber":"16","EventNumber":"8","Time":{"Start":"00:11:01","End":"00:11:24"}},{"VideoNumber":"16","EventNumber":"9","Time":{"Start":"00:11:21","End":"00:11:44"}},{"VideoNumber":"16","EventNumber":"10","Time":{"Start":"00:11:51","End":"00:12:14"}},{"VideoNumber":"16","EventNumber":"11","Time":{"Start":"00:13:41","End":"00:14:04"}},{"VideoNumber":"16","EventNumber":"12","Time":{"Start":"00:13:51","End":"00:14:14"}},{"VideoNumber":"16","EventNumber":"13","Time":{"Start":"00:15:01","End":"00:15:24"}},{"VideoNumber":"16","EventNumber":"14","Time":{"Start":"00:16:51","End":"00:17:14"}},{"VideoNumber":"16","EventNumber":"15","Time":{"Start":"00:17:31","End":"00:17:54"}},{"VideoNumber":"16","EventNumber":"16","Time":{"Start":"00:19:11","End":"00:19:34"}},{"VideoNumber":"16","EventNumber":"17","Time":{"Start":"00:19:41","End":"00:20:04"}},{"VideoNumber":"16","EventNumber":"18","Time":{"Start":"00:21:41","End":"00:22:04"}},{"VideoNumber":"16","EventNumber":"19","Time":{"Start":"00:23:01","End":"00:23:24"}},{"VideoNumber":"16","EventNumber":"20","Time":{"Start":"00:24:11","End":"00:24:34"}},{"VideoNumber":"16","EventNumber":"21","Time":{"Start":"00:25:01","End":"00:25:24"}},{"VideoNumber":"16","EventNumber":"22","Time":{"Start":"00:25:21","End":"00:25:44"}},{"VideoNumber":"16","EventNumber":"23","Time":{"Start":"00:26:21","End":"00:26:44"}},{"VideoNumber":"16","EventNumber":"24","Time":{"Start":"00:27:51","End":"00:28:14"}},{"VideoNumber":"16","EventNumber":"25","Time":{"Start":"00:30:31","End":"00:30:54"}},{"VideoNumber":"16","EventNumber":"26","Time":{"Start":"00:30:51","End":"00:31:14"}},{"VideoNumber":"16","EventNumber":"27","Time":{"Start":"00:31:11","End":"00:31:34"}},{"VideoNumber":"16","EventNumber":"28","Time":{"Start":"00:31:41","End":"00:32:04"}},{"VideoNumber":"16","EventNumber":"29","Time":{"Start":"00:34:21","End":"00:34:44"}},{"VideoNumber":"16","EventNumber":"30","Time":{"Start":"00:34:41","End":"00:35:04"}},{"VideoNumber":"16","EventNumber":"31","Time":{"Start":"00:35:31","End":"00:35:54"}},{"VideoNumber":"16","EventNumber":"32","Time":{"Start":"00:36:41","End":"00:37:04"}},{"VideoNumber":"16","EventNumber":"33","Time":{"Start":"00:37:41","End":"00:38:04"}},{"VideoNumber":"16","EventNumber":"34","Time":{"Start":"00:37:51","End":"00:38:14"}},{"VideoNumber":"16","EventNumber":"35","Time":{"Start":"00:38:41","End":"00:39:04"}},{"VideoNumber":"16","EventNumber":"36","Time":{"Start":"00:39:01","End":"00:39:24"}},{"VideoNumber":"16","EventNumber":"37","Time":{"Start":"00:40:01","End":"00:40:24"}},{"VideoNumber":"16","EventNumber":"38","Time":{"Start":"00:40:11","End":"00:40:34"}},{"VideoNumber":"16","EventNumber":"39","Time":{"Start":"00:41:11","End":"00:41:34"}},{"VideoNumber":"16","EventNumber":"40","Time":{"Start":"00:42:31","End":"00:42:54"}},{"VideoNumber":"16","EventNumber":"41","Time":{"Start":"00:42:51","End":"00:43:14"}},{"VideoNumber":"16","EventNumber":"42","Time":{"Start":"00:45:01","End":"00:45:24"}},{"VideoNumber":"16","EventNumber":"43","Time":{"Start":"00:49:51","End":"00:50:14"}},{"VideoNumber":"16","EventNumber":"44","Time":{"Start":"00:50:21","End":"00:50:44"}},{"VideoNumber":"16","EventNumber":"45","Time":{"Start":"00:50:41","End":"00:51:04"}},{"VideoNumber":"16","EventNumber":"46","Time":{"Start":"00:51:21","End":"00:51:44"}},{"VideoNumber":"16","EventNumber":"47","Time":{"Start":"00:51:51","End":"00:52:14"}},{"VideoNumber":"16","EventNumber":"48","Time":{"Start":"00:52:01","End":"00:52:24"}},{"VideoNumber":"16","EventNumber":"49","Time":{"Start":"00:52:51","End":"00:53:14"}},{"VideoNumber":"16","EventNumber":"50","Time":{"Start":"00:53:21","End":"00:53:44"}},{"VideoNumber":"16","EventNumber":"51","Time":{"Start":"00:53:51","End":"00:54:14"}},{"VideoNumber":"16","EventNumber":"52","Time":{"Start":"00:54:41","End":"00:55:04"}},{"VideoNumber":"16","EventNumber":"53","Time":{"Start":"00:54:51","End":"00:55:14"}},{"VideoNumber":"16","EventNumber":"54","Time":{"Start":"00:57:31","End":"00:57:54"}},{"VideoNumber":"16","EventNumber":"55","Time":{"Start":"00:58:41","End":"00:59:04"}},{"VideoNumber":"16","EventNumber":"56","Time":{"Start":"00:59:01","End":"00:59:24"}},{"VideoNumber":"16","EventNumber":"57","Time":{"Start":"01:00:11","End":"01:00:34"}},{"VideoNumber":"16","EventNumber":"58","Time":{"Start":"01:00:21","End":"01:00:44"}},{"VideoNumber":"16","EventNumber":"59","Time":{"Start":"01:01:11","End":"01:01:34"}},{"VideoNumber":"16","EventNumber":"60","Time":{"Start":"01:02:11","End":"01:02:34"}},{"VideoNumber":"16","EventNumber":"61","Time":{"Start":"01:03:01","End":"01:03:24"}},{"VideoNumber":"16","EventNumber":"62","Time":{"Start":"01:03:31","End":"01:03:54"}},{"VideoNumber":"16","EventNumber":"63","Time":{"Start":"01:04:51","End":"01:05:14"}},{"VideoNumber":"16","EventNumber":"64","Time":{"Start":"01:05:21","End":"01:05:44"}},{"VideoNumber":"16","EventNumber":"65","Time":{"Start":"01:08:21","End":"01:08:44"}},{"VideoNumber":"16","EventNumber":"66","Time":{"Start":"01:08:31","End":"01:08:54"}},{"VideoNumber":"16","EventNumber":"67","Time":{"Start":"01:11:21","End":"01:11:44"}},{"VideoNumber":"16","EventNumber":"68","Time":{"Start":"01:12:21","End":"01:12:44"}},{"VideoNumber":"16","EventNumber":"69","Time":{"Start":"01:19:21","End":"01:19:44"}},{"VideoNumber":"16","EventNumber":"70","Time":{"Start":"01:19:41","End":"01:20:04"}},{"VideoNumber":"16","EventNumber":"71","Time":{"Start":"01:20:31","End":"01:20:54"}},{"VideoNumber":"16","EventNumber":"72","Time":{"Start":"01:20:51","End":"01:21:14"}},{"VideoNumber":"16","EventNumber":"73","Time":{"Start":"01:22:41","End":"01:23:04"}},{"VideoNumber":"16","EventNumber":"74","Time":{"Start":"01:25:01","End":"01:25:24"}},{"VideoNumber":"16","EventNumber":"75","Time":{"Start":"01:25:21","End":"01:25:44"}},{"VideoNumber":"16","EventNumber":"76","Time":{"Start":"01:25:41","End":"01:26:04"}},{"VideoNumber":"16","EventNumber":"77","Time":{"Start":"01:28:51","End":"01:29:14"}},{"VideoNumber":"16","EventNumber":"78","Time":{"Start":"01:29:11","End":"01:29:34"}},{"VideoNumber":"16","EventNumber":"79","Time":{"Start":"01:29:31","End":"01:29:54"}},{"VideoNumber":"16","EventNumber":"80","Time":{"Start":"01:30:11","End":"01:30:34"}},{"VideoNumber":"16","EventNumber":"81","Time":{"Start":"01:32:31","End":"01:32:54"}},{"VideoNumber":"16","EventNumber":"82","Time":{"Start":"01:34:11","End":"01:34:34"}},{"VideoNumber":"16","EventNumber":"83","Time":{"Start":"01:34:21","End":"01:34:44"}},{"VideoNumber":"13","EventNumber":"84","Time":{"Start":"02:19:01","End":"02:19:24"}},{"VideoNumber":"13","EventNumber":"85","Time":{"Start":"02:20:11","End":"02:20:34"}},{"VideoNumber":"13","EventNumber":"86","Time":{"Start":"02:23:21","End":"02:23:44"}},{"VideoNumber":"13","EventNumber":"87","Time":{"Start":"02:23:41","End":"02:24:04"}},{"VideoNumber":"13","EventNumber":"88","Time":{"Start":"02:28:21","End":"02:28:44"}},{"VideoNumber":"13","EventNumber":"89","Time":{"Start":"02:28:51","End":"02:29:14"}},{"VideoNumber":"13","EventNumber":"90","Time":{"Start":"02:33:11","End":"02:33:34"}},{"VideoNumber":"13","EventNumber":"91","Time":{"Start":"02:34:11","End":"02:34:34"}},{"VideoNumber":"13","EventNumber":"92","Time":{"Start":"02:34:31","End":"02:34:54"}},{"VideoNumber":"13","EventNumber":"93","Time":{"Start":"02:35:31","End":"02:35:54"}},{"VideoNumber":"13","EventNumber":"94","Time":{"Start":"02:37:01","End":"02:37:24"}},{"VideoNumber":"13","EventNumber":"95","Time":{"Start":"02:37:11","End":"02:37:34"}},{"VideoNumber":"13","EventNumber":"96","Time":{"Start":"02:38:01","End":"02:38:24"}},{"VideoNumber":"13","EventNumber":"97","Time":{"Start":"02:38:21","End":"02:38:44"}},{"VideoNumber":"13","EventNumber":"98","Time":{"Start":"02:38:51","End":"02:39:14"}},{"VideoNumber":"13","EventNumber":"99","Time":{"Start":"02:40:31","End":"02:40:54"}},{"VideoNumber":"13","EventNumber":"100","Time":{"Start":"02:40:51","End":"02:41:14"}},{"VideoNumber":"13","EventNumber":"101","Time":{"Start":"02:42:11","End":"02:42:34"}},{"VideoNumber":"13","EventNumber":"102","Time":{"Start":"02:45:31","End":"02:45:54"}},{"VideoNumber":"13","EventNumber":"103","Time":{"Start":"02:45:51","End":"02:46:14"}},{"VideoNumber":"13","EventNumber":"104","Time":{"Start":"02:46:21","End":"02:46:44"}},{"VideoNumber":"13","EventNumber":"105","Time":{"Start":"02:48:11","End":"02:48:34"}},{"VideoNumber":"13","EventNumber":"106","Time":{"Start":"02:48:21","End":"02:48:44"}},{"VideoNumber":"13","EventNumber":"107","Time":{"Start":"02:50:11","End":"02:50:34"}},{"VideoNumber":"13","EventNumber":"108","Time":{"Start":"02:52:51","End":"02:53:14"}},{"VideoNumber":"13","EventNumber":"109","Time":{"Start":"02:53:11","End":"02:53:34"}}]