[{"VideoNumber":"104","EventNumber":"1","Time":{"Start":"00:01:31","End":"00:01:54"}},{"VideoNumber":"104","EventNumber":"2","Time":{"Start":"00:02:31","End":"00:02:54"}},{"VideoNumber":"104","EventNumber":"3","Time":{"Start":"00:02:41","End":"00:03:04"}},{"VideoNumber":"104","EventNumber":"4","Time":{"Start":"00:03:11","End":"00:03:34"}},{"VideoNumber":"104","EventNumber":"5","Time":{"Start":"00:03:41","End":"00:04:04"}},{"VideoNumber":"104","EventNumber":"6","Time":{"Start":"00:04:21","End":"00:04:44"}},{"VideoNumber":"104","EventNumber":"7","Time":{"Start":"00:05:51","End":"00:06:14"}},{"VideoNumber":"104","EventNumber":"8","Time":{"Start":"00:06:31","End":"00:06:54"}},{"VideoNumber":"104","EventNumber":"9","Time":{"Start":"00:08:21","End":"00:08:44"}},{"VideoNumber":"104","EventNumber":"10","Time":{"Start":"00:08:41","End":"00:09:04"}},{"VideoNumber":"104","EventNumber":"11","Time":{"Start":"00:09:21","End":"00:09:44"}},{"VideoNumber":"104","EventNumber":"12","Time":{"Start":"00:10:21","End":"00:10:44"}},{"VideoNumber":"104","EventNumber":"13","Time":{"Start":"00:11:01","End":"00:11:24"}},{"VideoNumber":"104","EventNumber":"14","Time":{"Start":"00:12:11","End":"00:12:34"}},{"VideoNumber":"104","EventNumber":"15","Time":{"Start":"00:13:11","End":"00:13:34"}},{"VideoNumber":"104","EventNumber":"16","Time":{"Start":"00:14:31","End":"00:14:54"}},{"VideoNumber":"104","EventNumber":"17","Time":{"Start":"00:15:21","End":"00:15:44"}},{"VideoNumber":"104","EventNumber":"18","Time":{"Start":"00:18:21","End":"00:18:44"}},{"VideoNumber":"104","EventNumber":"19","Time":{"Start":"00:19:01","End":"00:19:24"}},{"VideoNumber":"104","EventNumber":"20","Time":{"Start":"00:20:01","End":"00:20:24"}},{"VideoNumber":"104","EventNumber":"21","Time":{"Start":"00:21:11","End":"00:21:34"}},{"VideoNumber":"104","EventNumber":"22","Time":{"Start":"00:23:41","End":"00:24:04"}},{"VideoNumber":"104","EventNumber":"23","Time":{"Start":"00:25:41","End":"00:26:04"}},{"VideoNumber":"104","EventNumber":"24","Time":{"Start":"00:26:21","End":"00:26:44"}},{"VideoNumber":"104","EventNumber":"25","Time":{"Start":"00:26:41","End":"00:27:04"}},{"VideoNumber":"104","EventNumber":"26","Time":{"Start":"00:26:51","End":"00:27:14"}},{"VideoNumber":"104","EventNumber":"27","Time":{"Start":"00:28:41","End":"00:29:04"}},{"VideoNumber":"104","EventNumber":"28","Time":{"Start":"00:29:31","End":"00:29:54"}},{"VideoNumber":"104","EventNumber":"29","Time":{"Start":"00:29:51","End":"00:30:14"}},{"VideoNumber":"104","EventNumber":"30","Time":{"Start":"00:30:31","End":"00:30:54"}},{"VideoNumber":"104","EventNumber":"31","Time":{"Start":"00:32:51","End":"00:33:14"}},{"VideoNumber":"104","EventNumber":"32","Time":{"Start":"00:38:01","End":"00:38:24"}},{"VideoNumber":"104","EventNumber":"33","Time":{"Start":"00:38:41","End":"00:39:04"}},{"VideoNumber":"104","EventNumber":"34","Time":{"Start":"00:40:01","End":"00:40:24"}},{"VideoNumber":"104","EventNumber":"35","Time":{"Start":"00:40:11","End":"00:40:34"}},{"VideoNumber":"104","EventNumber":"36","Time":{"Start":"00:40:31","End":"00:40:54"}},{"VideoNumber":"104","EventNumber":"37","Time":{"Start":"00:41:01","End":"00:41:24"}},{"VideoNumber":"104","EventNumber":"38","Time":{"Start":"00:49:11","End":"00:49:34"}},{"VideoNumber":"104","EventNumber":"39","Time":{"Start":"00:49:41","End":"00:50:04"}},{"VideoNumber":"104","EventNumber":"40","Time":{"Start":"00:52:31","End":"00:52:54"}},{"VideoNumber":"104","EventNumber":"41","Time":{"Start":"00:52:41","End":"00:53:04"}},{"VideoNumber":"104","EventNumber":"42","Time":{"Start":"00:54:01","End":"00:54:24"}},{"VideoNumber":"104","EventNumber":"43","Time":{"Start":"00:57:31","End":"00:57:54"}},{"VideoNumber":"104","EventNumber":"44","Time":{"Start":"00:57:41","End":"00:58:04"}},{"VideoNumber":"104","EventNumber":"45","Time":{"Start":"00:59:41","End":"01:00:04"}},{"VideoNumber":"104","EventNumber":"46","Time":{"Start":"01:04:51","End":"01:05:14"}},{"VideoNumber":"104","EventNumber":"47","Time":{"Start":"01:07:41","End":"01:08:04"}},{"VideoNumber":"104","EventNumber":"48","Time":{"Start":"01:09:01","End":"01:09:24"}},{"VideoNumber":"104","EventNumber":"49","Time":{"Start":"01:10:51","End":"01:11:14"}},{"VideoNumber":"104","EventNumber":"50","Time":{"Start":"01:11:41","End":"01:12:04"}},{"VideoNumber":"104","EventNumber":"51","Time":{"Start":"01:15:51","End":"01:16:14"}},{"VideoNumber":"104","EventNumber":"52","Time":{"Start":"01:17:51","End":"01:18:14"}},{"VideoNumber":"104","EventNumber":"53","Time":{"Start":"01:21:01","End":"01:21:24"}},{"VideoNumber":"10","EventNumber":"54","Time":{"Start":"01:25:01","End":"01:25:24"}},{"VideoNumber":"10","EventNumber":"55","Time":{"Start":"01:25:41","End":"01:26:04"}},{"VideoNumber":"10","EventNumber":"56","Time":{"Start":"01:25:51","End":"01:26:14"}},{"VideoNumber":"10","EventNumber":"57","Time":{"Start":"01:30:21","End":"01:30:44"}},{"VideoNumber":"10","EventNumber":"58","Time":{"Start":"01:30:51","End":"01:31:14"}},{"VideoNumber":"10","EventNumber":"59","Time":{"Start":"01:34:11","End":"01:34:34"}},{"VideoNumber":"10","EventNumber":"60","Time":{"Start":"01:34:31","End":"01:34:54"}},{"VideoNumber":"10","EventNumber":"61","Time":{"Start":"01:35:41","End":"01:36:04"}},{"VideoNumber":"10","EventNumber":"62","Time":{"Start":"01:38:01","End":"01:38:24"}},{"VideoNumber":"10","EventNumber":"63","Time":{"Start":"01:49:11","End":"01:49:34"}},{"VideoNumber":"10","EventNumber":"64","Time":{"Start":"01:49:31","End":"01:49:54"}},{"VideoNumber":"10","EventNumber":"65","Time":{"Start":"01:50:01","End":"01:50:24"}},{"VideoNumber":"10","EventNumber":"66","Time":{"Start":"01:50:11","End":"01:50:34"}},{"VideoNumber":"10","EventNumber":"67","Time":{"Start":"01:51:31","End":"01:51:54"}},{"VideoNumber":"10","EventNumber":"68","Time":{"Start":"01:54:31","End":"01:54:54"}},{"VideoNumber":"10","EventNumber":"69","Time":{"Start":"01:58:21","End":"01:58:44"}},{"VideoNumber":"10","EventNumber":"70","Time":{"Start":"01:58:31","End":"01:58:54"}},{"VideoNumber":"10","EventNumber":"71","Time":{"Start":"02:04:51","End":"02:05:14"}},{"VideoNumber":"10","EventNumber":"72","Time":{"Start":"02:23:31","End":"02:23:54"}},{"VideoNumber":"10","EventNumber":"73","Time":{"Start":"02:25:01","End":"02:25:24"}},{"VideoNumber":"10","EventNumber":"74","Time":{"Start":"02:34:51","End":"02:35:14"}},{"VideoNumber":"10","EventNumber":"75","Time":{"Start":"02:36:21","End":"02:36:44"}},{"VideoNumber":"1","EventNumber":"76","Time":{"Start":"02:12:01","End":"02:12:24"}},{"VideoNumber":"1","EventNumber":"77","Time":{"Start":"02:13:01","End":"02:13:24"}},{"VideoNumber":"1","EventNumber":"78","Time":{"Start":"02:14:11","End":"02:14:34"}},{"VideoNumber":"1","EventNumber":"79","Time":{"Start":"02:15:01","End":"02:15:24"}},{"VideoNumber":"1","EventNumber":"80","Time":{"Start":"02:17:01","End":"02:17:24"}},{"VideoNumber":"1","EventNumber":"81","Time":{"Start":"02:18:21","End":"02:18:44"}},{"VideoNumber":"1","EventNumber":"82","Time":{"Start":"02:19:11","End":"02:19:34"}},{"VideoNumber":"1","EventNumber":"83","Time":{"Start":"02:36:01","End":"02:36:24"}},{"VideoNumber":"1","EventNumber":"84","Time":{"Start":"02:37:41","End":"02:38:04"}},{"VideoNumber":"1","EventNumber":"85","Time":{"Start":"02:38:21","End":"02:38:44"}},{"VideoNumber":"1","EventNumber":"86","Time":{"Start":"02:39:51","End":"02:40:14"}},{"VideoNumber":"1","EventNumber":"87","Time":{"Start":"02:40:01","End":"02:40:24"}},{"VideoNumber":"1","EventNumber":"88","Time":{"Start":"02:41:31","End":"02:41:54"}},{"VideoNumber":"1","EventNumber":"89","Time":{"Start":"02:42:21","End":"02:42:44"}},{"VideoNumber":"1","EventNumber":"90","Time":{"Start":"02:42:51","End":"02:43:14"}},{"VideoNumber":"1","EventNumber":"91","Time":{"Start":"02:44:51","End":"02:45:14"}},{"VideoNumber":"1","EventNumber":"92","Time":{"Start":"02:45:51","End":"02:46:14"}},{"VideoNumber":"1","EventNumber":"93","Time":{"Start":"02:47:51","End":"02:48:14"}},{"VideoNumber":"1","EventNumber":"94","Time":{"Start":"02:48:01","End":"02:48:24"}},{"VideoNumber":"1","EventNumber":"95","Time":{"Start":"03:13:01","End":"03:13:24"}},{"VideoNumber":"1","EventNumber":"96","Time":{"Start":"03:16:11","End":"03:16:34"}},{"VideoNumber":"1","EventNumber":"97","Time":{"Start":"03:18:41","End":"03:19:04"}},{"VideoNumber":"1","EventNumber":"98","Time":{"Start":"03:20:51","End":"03:21:14"}},{"VideoNumber":"1","EventNumber":"99","Time":{"Start":"03:22:51","End":"03:23:14"}},{"VideoNumber":"1","EventNumber":"100","Time":{"Start":"03:26:01","End":"03:26:24"}},{"VideoNumber":"1","EventNumber":"101","Time":{"Start":"03:28:41","End":"03:29:04"}},{"VideoNumber":"1","EventNumber":"102","Time":{"Start":"03:39:51","End":"03:40:14"}},{"VideoNumber":"1","EventNumber":"103","Time":{"Start":"03:44:51","End":"03:45:14"}},{"VideoNumber":"1","EventNumber":"104","Time":{"Start":"03:45:41","End":"03:46:04"}}]