[{"VideoNumber":"26","EventNumber":"1","Time":{"Start":"00:41:41","End":"00:42:04"}},{"VideoNumber":"25","EventNumber":"2","Time":{"Start":"00:12:01","End":"00:12:24"}},{"VideoNumber":"25","EventNumber":"3","Time":{"Start":"00:28:31","End":"00:28:54"}},{"VideoNumber":"25","EventNumber":"4","Time":{"Start":"00:57:31","End":"00:57:54"}},{"VideoNumber":"25","EventNumber":"5","Time":{"Start":"01:11:31","End":"01:11:54"}},{"VideoNumber":"25","EventNumber":"6","Time":{"Start":"01:16:41","End":"01:17:04"}},{"VideoNumber":"25","EventNumber":"7","Time":{"Start":"01:16:51","End":"01:17:14"}},{"VideoNumber":"25","EventNumber":"8","Time":{"Start":"01:40:31","End":"01:40:54"}},{"VideoNumber":"25","EventNumber":"9","Time":{"Start":"01:40:41","End":"01:41:04"}},{"VideoNumber":"2","EventNumber":"10","Time":{"Start":"00:20:46","End":"00:21:09"}},{"VideoNumber":"2","EventNumber":"11","Time":{"Start":"00:22:26","End":"00:22:49"}},{"VideoNumber":"2","EventNumber":"12","Time":{"Start":"00:28:56","End":"00:29:19"}},{"VideoNumber":"2","EventNumber":"13","Time":{"Start":"00:30:26","End":"00:30:49"}},{"VideoNumber":"2","EventNumber":"14","Time":{"Start":"00:32:06","End":"00:32:29"}},{"VideoNumber":"2","EventNumber":"15","Time":{"Start":"00:32:56","End":"00:33:19"}},{"VideoNumber":"2","EventNumber":"16","Time":{"Start":"00:40:26","End":"00:40:49"}},{"VideoNumber":"2","EventNumber":"17","Time":{"Start":"00:44:06","End":"00:44:29"}},{"VideoNumber":"2","EventNumber":"18","Time":{"Start":"00:46:16","End":"00:46:39"}},{"VideoNumber":"2","EventNumber":"19","Time":{"Start":"00:46:46","End":"00:47:09"}},{"VideoNumber":"2","EventNumber":"20","Time":{"Start":"00:57:26","End":"00:57:49"}},{"VideoNumber":"2","EventNumber":"21","Time":{"Start":"00:57:46","End":"00:58:09"}},{"VideoNumber":"2","EventNumber":"22","Time":{"Start":"00:58:46","End":"00:59:09"}},{"VideoNumber":"2","EventNumber":"23","Time":{"Start":"01:01:46","End":"01:02:09"}},{"VideoNumber":"2","EventNumber":"24","Time":{"Start":"01:04:16","End":"01:04:39"}},{"VideoNumber":"2","EventNumber":"25","Time":{"Start":"01:07:06","End":"01:07:29"}},{"VideoNumber":"2","EventNumber":"26","Time":{"Start":"01:09:36","End":"01:09:59"}},{"VideoNumber":"2","EventNumber":"27","Time":{"Start":"01:12:56","End":"01:13:19"}},{"VideoNumber":"2","EventNumber":"28","Time":{"Start":"01:13:46","End":"01:14:09"}},{"VideoNumber":"2","EventNumber":"29","Time":{"Start":"01:15:36","End":"01:15:59"}},{"VideoNumber":"2","EventNumber":"30","Time":{"Start":"01:18:56","End":"01:19:19"}},{"VideoNumber":"2","EventNumber":"31","Time":{"Start":"01:20:26","End":"01:20:49"}},{"VideoNumber":"2","EventNumber":"32","Time":{"Start":"01:23:36","End":"01:23:59"}},{"VideoNumber":"2","EventNumber":"33","Time":{"Start":"01:23:56","End":"01:24:19"}},{"VideoNumber":"2","EventNumber":"34","Time":{"Start":"01:24:56","End":"01:25:19"}},{"VideoNumber":"2","EventNumber":"35","Time":{"Start":"01:27:46","End":"01:28:09"}},{"VideoNumber":"2","EventNumber":"36","Time":{"Start":"01:28:26","End":"01:28:49"}},{"VideoNumber":"2","EventNumber":"37","Time":{"Start":"01:28:56","End":"01:29:19"}},{"VideoNumber":"2","EventNumber":"38","Time":{"Start":"01:29:06","End":"01:29:29"}},{"VideoNumber":"2","EventNumber":"39","Time":{"Start":"01:32:46","End":"01:33:09"}},{"VideoNumber":"2","EventNumber":"40","Time":{"Start":"01:34:16","End":"01:34:39"}},{"VideoNumber":"2","EventNumber":"41","Time":{"Start":"01:35:16","End":"01:35:39"}},{"VideoNumber":"2","EventNumber":"42","Time":{"Start":"01:35:26","End":"01:35:49"}},{"VideoNumber":"2","EventNumber":"43","Time":{"Start":"01:35:56","End":"01:36:19"}},{"VideoNumber":"2","EventNumber":"44","Time":{"Start":"01:36:16","End":"01:36:39"}},{"VideoNumber":"2","EventNumber":"45","Time":{"Start":"01:37:16","End":"01:37:39"}},{"VideoNumber":"2","EventNumber":"46","Time":{"Start":"01:38:26","End":"01:38:49"}},{"VideoNumber":"2","EventNumber":"47","Time":{"Start":"01:38:56","End":"01:39:19"}},{"VideoNumber":"2","EventNumber":"48","Time":{"Start":"01:39:26","End":"01:39:49"}},{"VideoNumber":"2","EventNumber":"49","Time":{"Start":"01:41:46","End":"01:42:09"}},{"VideoNumber":"2","EventNumber":"50","Time":{"Start":"01:42:06","End":"01:42:29"}},{"VideoNumber":"2","EventNumber":"51","Time":{"Start":"01:43:56","End":"01:44:19"}},{"VideoNumber":"2","EventNumber":"52","Time":{"Start":"01:45:36","End":"01:45:59"}},{"VideoNumber":"2","EventNumber":"53","Time":{"Start":"01:46:46","End":"01:47:09"}},{"VideoNumber":"2","EventNumber":"54","Time":{"Start":"01:47:56","End":"01:48:19"}},{"VideoNumber":"2","EventNumber":"55","Time":{"Start":"01:51:36","End":"01:51:59"}},{"VideoNumber":"2","EventNumber":"56","Time":{"Start":"01:52:16","End":"01:52:39"}},{"VideoNumber":"2","EventNumber":"57","Time":{"Start":"01:54:26","End":"01:54:49"}},{"VideoNumber":"2","EventNumber":"58","Time":{"Start":"01:54:56","End":"01:55:19"}},{"VideoNumber":"2","EventNumber":"59","Time":{"Start":"02:01:56","End":"02:02:19"}},{"VideoNumber":"2","EventNumber":"60","Time":{"Start":"02:04:16","End":"02:04:39"}},{"VideoNumber":"2","EventNumber":"61","Time":{"Start":"02:06:46","End":"02:07:09"}},{"VideoNumber":"2","EventNumber":"62","Time":{"Start":"02:10:16","End":"02:10:39"}},{"VideoNumber":"2","EventNumber":"63","Time":{"Start":"02:11:06","End":"02:11:29"}},{"VideoNumber":"2","EventNumber":"64","Time":{"Start":"02:12:56","End":"02:13:19"}},{"VideoNumber":"2","EventNumber":"65","Time":{"Start":"02:14:06","End":"02:14:29"}},{"VideoNumber":"2","EventNumber":"66","Time":{"Start":"02:15:16","End":"02:15:39"}},{"VideoNumber":"2","EventNumber":"67","Time":{"Start":"02:16:16","End":"02:16:39"}},{"VideoNumber":"2","EventNumber":"68","Time":{"Start":"02:16:36","End":"02:16:59"}},{"VideoNumber":"2","EventNumber":"69","Time":{"Start":"02:18:06","End":"02:18:29"}},{"VideoNumber":"2","EventNumber":"70","Time":{"Start":"02:18:46","End":"02:19:09"}},{"VideoNumber":"2","EventNumber":"71","Time":{"Start":"02:19:26","End":"02:19:49"}},{"VideoNumber":"2","EventNumber":"72","Time":{"Start":"02:19:46","End":"02:20:09"}},{"VideoNumber":"2","EventNumber":"73","Time":{"Start":"02:20:06","End":"02:20:29"}},{"VideoNumber":"2","EventNumber":"74","Time":{"Start":"02:20:36","End":"02:20:59"}},{"VideoNumber":"2","EventNumber":"75","Time":{"Start":"02:21:06","End":"02:21:29"}},{"VideoNumber":"2","EventNumber":"76","Time":{"Start":"02:22:46","End":"02:23:09"}},{"VideoNumber":"2","EventNumber":"77","Time":{"Start":"02:23:16","End":"02:23:39"}},{"VideoNumber":"2","EventNumber":"78","Time":{"Start":"02:23:56","End":"02:24:19"}},{"VideoNumber":"2","EventNumber":"79","Time":{"Start":"02:24:56","End":"02:25:19"}},{"VideoNumber":"2","EventNumber":"80","Time":{"Start":"02:26:46","End":"02:27:09"}},{"VideoNumber":"2","EventNumber":"81","Time":{"Start":"02:27:06","End":"02:27:29"}},{"VideoNumber":"2","EventNumber":"82","Time":{"Start":"02:29:46","End":"02:30:09"}},{"VideoNumber":"2","EventNumber":"83","Time":{"Start":"02:31:26","End":"02:31:49"}},{"VideoNumber":"2","EventNumber":"84","Time":{"Start":"02:32:26","End":"02:32:49"}},{"VideoNumber":"2","EventNumber":"85","Time":{"Start":"02:32:36","End":"02:32:59"}},{"VideoNumber":"2","EventNumber":"86","Time":{"Start":"02:34:06","End":"02:34:29"}},{"VideoNumber":"2","EventNumber":"87","Time":{"Start":"02:35:26","End":"02:35:49"}},{"VideoNumber":"2","EventNumber":"88","Time":{"Start":"02:35:56","End":"02:36:19"}},{"VideoNumber":"2","EventNumber":"89","Time":{"Start":"02:36:46","End":"02:37:09"}},{"VideoNumber":"2","EventNumber":"90","Time":{"Start":"02:38:16","End":"02:38:39"}},{"VideoNumber":"2","EventNumber":"91","Time":{"Start":"02:38:46","End":"02:39:09"}},{"VideoNumber":"2","EventNumber":"92","Time":{"Start":"02:39:06","End":"02:39:29"}},{"VideoNumber":"2","EventNumber":"93","Time":{"Start":"02:40:06","End":"02:40:29"}},{"VideoNumber":"2","EventNumber":"94","Time":{"Start":"02:40:56","End":"02:41:19"}},{"VideoNumber":"2","EventNumber":"95","Time":{"Start":"02:41:46","End":"02:42:09"}},{"VideoNumber":"2","EventNumber":"96","Time":{"Start":"02:42:06","End":"02:42:29"}},{"VideoNumber":"2","EventNumber":"97","Time":{"Start":"02:42:26","End":"02:42:49"}},{"VideoNumber":"2","EventNumber":"98","Time":{"Start":"02:45:26","End":"02:45:49"}},{"VideoNumber":"2","EventNumber":"99","Time":{"Start":"02:46:36","End":"02:46:59"}},{"VideoNumber":"2","EventNumber":"100","Time":{"Start":"02:47:16","End":"02:47:39"}},{"VideoNumber":"2","EventNumber":"101","Time":{"Start":"02:48:06","End":"02:48:29"}},{"VideoNumber":"2","EventNumber":"102","Time":{"Start":"02:49:16","End":"02:49:39"}},{"VideoNumber":"2","EventNumber":"103","Time":{"Start":"02:49:36","End":"02:49:59"}},{"VideoNumber":"2","EventNumber":"104","Time":{"Start":"02:51:26","End":"02:51:49"}},{"VideoNumber":"2","EventNumber":"105","Time":{"Start":"02:53:46","End":"02:54:09"}},{"VideoNumber":"2","EventNumber":"106","Time":{"Start":"02:54:46","End":"02:55:09"}},{"VideoNumber":"2","EventNumber":"107","Time":{"Start":"02:56:36","End":"02:56:59"}},{"VideoNumber":"2","EventNumber":"108","Time":{"Start":"02:57:06","End":"02:57:29"}},{"VideoNumber":"2","EventNumber":"109","Time":{"Start":"02:57:26","End":"02:57:49"}},{"VideoNumber":"2","EventNumber":"110","Time":{"Start":"02:58:16","End":"02:58:39"}},{"VideoNumber":"2","EventNumber":"111","Time":{"Start":"03:02:16","End":"03:02:39"}},{"VideoNumber":"2","EventNumber":"112","Time":{"Start":"03:03:16","End":"03:03:39"}},{"VideoNumber":"2","EventNumber":"113","Time":{"Start":"03:05:26","End":"03:05:49"}},{"VideoNumber":"2","EventNumber":"114","Time":{"Start":"03:06:46","End":"03:07:09"}},{"VideoNumber":"2","EventNumber":"115","Time":{"Start":"03:08:06","End":"03:08:29"}},{"VideoNumber":"2","EventNumber":"116","Time":{"Start":"03:09:56","End":"03:10:19"}},{"VideoNumber":"2","EventNumber":"117","Time":{"Start":"03:10:36","End":"03:10:59"}},{"VideoNumber":"2","EventNumber":"118","Time":{"Start":"03:11:16","End":"03:11:39"}},{"VideoNumber":"2","EventNumber":"119","Time":{"Start":"03:11:46","End":"03:12:09"}},{"VideoNumber":"2","EventNumber":"120","Time":{"Start":"03:13:06","End":"03:13:29"}},{"VideoNumber":"2","EventNumber":"121","Time":{"Start":"03:14:06","End":"03:14:29"}},{"VideoNumber":"2","EventNumber":"122","Time":{"Start":"03:14:36","End":"03:14:59"}},{"VideoNumber":"2","EventNumber":"123","Time":{"Start":"03:15:06","End":"03:15:29"}},{"VideoNumber":"2","EventNumber":"124","Time":{"Start":"03:15:26","End":"03:15:49"}},{"VideoNumber":"2","EventNumber":"125","Time":{"Start":"03:16:26","End":"03:16:49"}},{"VideoNumber":"2","EventNumber":"126","Time":{"Start":"03:17:56","End":"03:18:19"}},{"VideoNumber":"2","EventNumber":"127","Time":{"Start":"03:20:06","End":"03:20:29"}},{"VideoNumber":"2","EventNumber":"128","Time":{"Start":"03:20:56","End":"03:21:19"}},{"VideoNumber":"2","EventNumber":"129","Time":{"Start":"03:22:36","End":"03:22:59"}},{"VideoNumber":"2","EventNumber":"130","Time":{"Start":"03:23:46","End":"03:24:09"}},{"VideoNumber":"2","EventNumber":"131","Time":{"Start":"03:24:56","End":"03:25:19"}},{"VideoNumber":"2","EventNumber":"132","Time":{"Start":"03:25:36","End":"03:25:59"}},{"VideoNumber":"2","EventNumber":"133","Time":{"Start":"03:26:16","End":"03:26:39"}},{"VideoNumber":"2","EventNumber":"134","Time":{"Start":"03:26:36","End":"03:26:59"}},{"VideoNumber":"2","EventNumber":"135","Time":{"Start":"03:27:06","End":"03:27:29"}},{"VideoNumber":"2","EventNumber":"136","Time":{"Start":"03:28:16","End":"03:28:39"}},{"VideoNumber":"2","EventNumber":"137","Time":{"Start":"03:28:46","End":"03:29:09"}},{"VideoNumber":"2","EventNumber":"138","Time":{"Start":"03:30:06","End":"03:30:29"}},{"VideoNumber":"2","EventNumber":"139","Time":{"Start":"03:32:06","End":"03:32:29"}},{"VideoNumber":"2","EventNumber":"140","Time":{"Start":"03:33:16","End":"03:33:39"}},{"VideoNumber":"2","EventNumber":"141","Time":{"Start":"04:29:36","End":"04:29:59"}},{"VideoNumber":"2","EventNumber":"142","Time":{"Start":"04:30:06","End":"04:30:29"}},{"VideoNumber":"2","EventNumber":"143","Time":{"Start":"04:30:46","End":"04:31:09"}},{"VideoNumber":"2","EventNumber":"144","Time":{"Start":"04:31:26","End":"04:31:49"}},{"VideoNumber":"2","EventNumber":"145","Time":{"Start":"04:32:26","End":"04:32:49"}},{"VideoNumber":"2","EventNumber":"146","Time":{"Start":"04:36:16","End":"04:36:39"}},{"VideoNumber":"2","EventNumber":"147","Time":{"Start":"04:38:36","End":"04:38:59"}},{"VideoNumber":"2","EventNumber":"148","Time":{"Start":"04:39:46","End":"04:40:09"}},{"VideoNumber":"2","EventNumber":"149","Time":{"Start":"04:40:36","End":"04:40:59"}},{"VideoNumber":"2","EventNumber":"150","Time":{"Start":"04:41:56","End":"04:42:19"}},{"VideoNumber":"2","EventNumber":"151","Time":{"Start":"04:43:46","End":"04:44:09"}},{"VideoNumber":"2","EventNumber":"152","Time":{"Start":"04:45:56","End":"04:46:19"}},{"VideoNumber":"2","EventNumber":"153","Time":{"Start":"04:49:26","End":"04:49:49"}},{"VideoNumber":"2","EventNumber":"154","Time":{"Start":"04:51:26","End":"04:51:49"}},{"VideoNumber":"2","EventNumber":"155","Time":{"Start":"04:52:56","End":"04:53:19"}},{"VideoNumber":"2","EventNumber":"156","Time":{"Start":"04:53:46","End":"04:54:09"}},{"VideoNumber":"2","EventNumber":"157","Time":{"Start":"04:54:36","End":"04:54:59"}},{"VideoNumber":"2","EventNumber":"158","Time":{"Start":"04:57:26","End":"04:57:49"}},{"VideoNumber":"2","EventNumber":"159","Time":{"Start":"04:59:16","End":"04:59:39"}},{"VideoNumber":"2","EventNumber":"160","Time":{"Start":"05:01:06","End":"05:01:29"}},{"VideoNumber":"2","EventNumber":"161","Time":{"Start":"05:03:06","End":"05:03:29"}},{"VideoNumber":"2","EventNumber":"162","Time":{"Start":"05:05:16","End":"05:05:39"}},{"VideoNumber":"2","EventNumber":"163","Time":{"Start":"05:06:56","End":"05:07:19"}},{"VideoNumber":"2","EventNumber":"164","Time":{"Start":"05:07:26","End":"05:07:49"}},{"VideoNumber":"2","EventNumber":"165","Time":{"Start":"05:12:36","End":"05:12:59"}},{"VideoNumber":"2","EventNumber":"166","Time":{"Start":"05:13:16","End":"05:13:39"}},{"VideoNumber":"2","EventNumber":"167","Time":{"Start":"05:18:46","End":"05:19:09"}},{"VideoNumber":"2","EventNumber":"168","Time":{"Start":"05:19:46","End":"05:20:09"}},{"VideoNumber":"2","EventNumber":"169","Time":{"Start":"05:20:56","End":"05:21:19"}},{"VideoNumber":"2","EventNumber":"170","Time":{"Start":"05:23:26","End":"05:23:49"}},{"VideoNumber":"2","EventNumber":"171","Time":{"Start":"05:24:46","End":"05:25:09"}},{"VideoNumber":"2","EventNumber":"172","Time":{"Start":"05:25:46","End":"05:26:09"}},{"VideoNumber":"2","EventNumber":"173","Time":{"Start":"05:26:36","End":"05:26:59"}},{"VideoNumber":"2","EventNumber":"174","Time":{"Start":"05:28:56","End":"05:29:19"}},{"VideoNumber":"2","EventNumber":"175","Time":{"Start":"05:30:16","End":"05:30:39"}},{"VideoNumber":"2","EventNumber":"176","Time":{"Start":"05:30:46","End":"05:31:09"}},{"VideoNumber":"2","EventNumber":"177","Time":{"Start":"05:32:56","End":"05:33:19"}},{"VideoNumber":"2","EventNumber":"178","Time":{"Start":"05:33:56","End":"05:34:19"}},{"VideoNumber":"2","EventNumber":"179","Time":{"Start":"05:37:26","End":"05:37:49"}},{"VideoNumber":"2","EventNumber":"180","Time":{"Start":"05:39:36","End":"05:39:59"}},{"VideoNumber":"2","EventNumber":"181","Time":{"Start":"05:41:26","End":"05:41:49"}},{"VideoNumber":"2","EventNumber":"182","Time":{"Start":"05:43:26","End":"05:43:49"}},{"VideoNumber":"2","EventNumber":"183","Time":{"Start":"05:43:56","End":"05:44:19"}},{"VideoNumber":"2","EventNumber":"184","Time":{"Start":"05:44:26","End":"05:44:49"}},{"VideoNumber":"2","EventNumber":"185","Time":{"Start":"05:45:16","End":"05:45:39"}},{"VideoNumber":"2","EventNumber":"186","Time":{"Start":"05:45:56","End":"05:46:19"}},{"VideoNumber":"2","EventNumber":"187","Time":{"Start":"05:47:06","End":"05:47:29"}},{"VideoNumber":"2","EventNumber":"188","Time":{"Start":"05:48:56","End":"05:49:19"}},{"VideoNumber":"2","EventNumber":"189","Time":{"Start":"05:49:36","End":"05:49:59"}},{"VideoNumber":"2","EventNumber":"190","Time":{"Start":"05:50:56","End":"05:51:19"}},{"VideoNumber":"2","EventNumber":"191","Time":{"Start":"05:51:46","End":"05:52:09"}},{"VideoNumber":"2","EventNumber":"192","Time":{"Start":"05:52:06","End":"05:52:29"}},{"VideoNumber":"2","EventNumber":"193","Time":{"Start":"05:52:46","End":"05:53:09"}},{"VideoNumber":"2","EventNumber":"194","Time":{"Start":"05:53:26","End":"05:53:49"}},{"VideoNumber":"2","EventNumber":"195","Time":{"Start":"05:56:36","End":"05:56:59"}},{"VideoNumber":"2","EventNumber":"196","Time":{"Start":"06:02:56","End":"06:03:19"}},{"VideoNumber":"2","EventNumber":"197","Time":{"Start":"06:04:36","End":"06:04:59"}},{"VideoNumber":"2","EventNumber":"198","Time":{"Start":"06:07:26","End":"06:07:49"}},{"VideoNumber":"2","EventNumber":"199","Time":{"Start":"06:11:06","End":"06:11:29"}},{"VideoNumber":"2","EventNumber":"200","Time":{"Start":"06:12:06","End":"06:12:29"}},{"VideoNumber":"2","EventNumber":"201","Time":{"Start":"06:13:06","End":"06:13:29"}},{"VideoNumber":"2","EventNumber":"202","Time":{"Start":"06:19:36","End":"06:19:59"}},{"VideoNumber":"2","EventNumber":"203","Time":{"Start":"06:21:26","End":"06:21:49"}},{"VideoNumber":"2","EventNumber":"204","Time":{"Start":"06:23:06","End":"06:23:29"}},{"VideoNumber":"2","EventNumber":"205","Time":{"Start":"06:24:06","End":"06:24:29"}},{"VideoNumber":"2","EventNumber":"206","Time":{"Start":"06:24:46","End":"06:25:09"}},{"VideoNumber":"2","EventNumber":"207","Time":{"Start":"06:25:26","End":"06:25:49"}},{"VideoNumber":"2","EventNumber":"208","Time":{"Start":"06:26:46","End":"06:27:09"}},{"VideoNumber":"2","EventNumber":"209","Time":{"Start":"06:29:36","End":"06:29:59"}},{"VideoNumber":"2","EventNumber":"210","Time":{"Start":"06:30:36","End":"06:30:59"}},{"VideoNumber":"2","EventNumber":"211","Time":{"Start":"06:31:16","End":"06:31:39"}},{"VideoNumber":"2","EventNumber":"212","Time":{"Start":"06:34:36","End":"06:34:59"}},{"VideoNumber":"2","EventNumber":"213","Time":{"Start":"06:36:36","End":"06:36:59"}},{"VideoNumber":"2","EventNumber":"214","Time":{"Start":"06:38:16","End":"06:38:39"}},{"VideoNumber":"2","EventNumber":"215","Time":{"Start":"06:39:16","End":"06:39:39"}},{"VideoNumber":"2","EventNumber":"216","Time":{"Start":"06:41:06","End":"06:41:29"}},{"VideoNumber":"2","EventNumber":"217","Time":{"Start":"06:42:06","End":"06:42:29"}},{"VideoNumber":"2","EventNumber":"218","Time":{"Start":"06:43:46","End":"06:44:09"}},{"VideoNumber":"2","EventNumber":"219","Time":{"Start":"06:44:56","End":"06:45:19"}},{"VideoNumber":"2","EventNumber":"220","Time":{"Start":"06:46:36","End":"06:46:59"}},{"VideoNumber":"2","EventNumber":"221","Time":{"Start":"06:47:16","End":"06:47:39"}},{"VideoNumber":"2","EventNumber":"222","Time":{"Start":"06:48:46","End":"06:49:09"}},{"VideoNumber":"2","EventNumber":"223","Time":{"Start":"06:49:16","End":"06:49:39"}},{"VideoNumber":"2","EventNumber":"224","Time":{"Start":"06:49:56","End":"06:50:19"}},{"VideoNumber":"2","EventNumber":"225","Time":{"Start":"06:50:56","End":"06:51:19"}},{"VideoNumber":"2","EventNumber":"226","Time":{"Start":"06:52:06","End":"06:52:29"}},{"VideoNumber":"2","EventNumber":"227","Time":{"Start":"06:53:06","End":"06:53:29"}},{"VideoNumber":"2","EventNumber":"228","Time":{"Start":"06:53:46","End":"06:54:09"}},{"VideoNumber":"2","EventNumber":"229","Time":{"Start":"06:54:36","End":"06:54:59"}},{"VideoNumber":"2","EventNumber":"230","Time":{"Start":"06:56:06","End":"06:56:29"}},{"VideoNumber":"2","EventNumber":"231","Time":{"Start":"06:57:46","End":"06:58:09"}},{"VideoNumber":"2","EventNumber":"232","Time":{"Start":"06:58:36","End":"06:58:59"}},{"VideoNumber":"2","EventNumber":"233","Time":{"Start":"06:59:06","End":"06:59:29"}},{"VideoNumber":"2","EventNumber":"234","Time":{"Start":"07:01:26","End":"07:01:49"}},{"VideoNumber":"2","EventNumber":"235","Time":{"Start":"07:03:56","End":"07:04:19"}},{"VideoNumber":"2","EventNumber":"236","Time":{"Start":"07:04:26","End":"07:04:49"}},{"VideoNumber":"2","EventNumber":"237","Time":{"Start":"07:11:16","End":"07:11:39"}},{"VideoNumber":"2","EventNumber":"238","Time":{"Start":"07:12:46","End":"07:13:09"}},{"VideoNumber":"2","EventNumber":"239","Time":{"Start":"07:14:06","End":"07:14:29"}},{"VideoNumber":"2","EventNumber":"240","Time":{"Start":"07:14:56","End":"07:15:19"}},{"VideoNumber":"2","EventNumber":"241","Time":{"Start":"07:17:46","End":"07:18:09"}},{"VideoNumber":"2","EventNumber":"242","Time":{"Start":"07:18:26","End":"07:18:49"}},{"VideoNumber":"2","EventNumber":"243","Time":{"Start":"07:19:26","End":"07:19:49"}},{"VideoNumber":"2","EventNumber":"244","Time":{"Start":"07:20:06","End":"07:20:29"}},{"VideoNumber":"2","EventNumber":"245","Time":{"Start":"07:22:56","End":"07:23:19"}},{"VideoNumber":"2","EventNumber":"246","Time":{"Start":"07:23:36","End":"07:23:59"}},{"VideoNumber":"2","EventNumber":"247","Time":{"Start":"07:25:46","End":"07:26:09"}},{"VideoNumber":"2","EventNumber":"248","Time":{"Start":"07:26:56","End":"07:27:19"}},{"VideoNumber":"2","EventNumber":"249","Time":{"Start":"07:29:46","End":"07:30:09"}},{"VideoNumber":"2","EventNumber":"250","Time":{"Start":"07:31:16","End":"07:31:39"}},{"VideoNumber":"2","EventNumber":"251","Time":{"Start":"07:31:56","End":"07:32:19"}},{"VideoNumber":"2","EventNumber":"252","Time":{"Start":"07:32:26","End":"07:32:49"}},{"VideoNumber":"2","EventNumber":"253","Time":{"Start":"07:33:06","End":"07:33:29"}},{"VideoNumber":"2","EventNumber":"254","Time":{"Start":"07:40:26","End":"07:40:49"}}]