[{"VideoNumber":"35","EventNumber":"1","Time":{"Start":"00:51:21","End":"00:51:44"}},{"VideoNumber":"35","EventNumber":"2","Time":{"Start":"00:59:11","End":"00:59:34"}},{"VideoNumber":"35","EventNumber":"3","Time":{"Start":"01:38:41","End":"01:39:04"}},{"VideoNumber":"35","EventNumber":"4","Time":{"Start":"01:47:01","End":"01:47:24"}},{"VideoNumber":"35","EventNumber":"5","Time":{"Start":"02:45:41","End":"02:46:04"}},{"VideoNumber":"34","EventNumber":"6","Time":{"Start":"01:36:51","End":"01:37:14"}},{"VideoNumber":"34","EventNumber":"7","Time":{"Start":"01:37:51","End":"01:38:14"}},{"VideoNumber":"34","EventNumber":"8","Time":{"Start":"01:43:41","End":"01:44:04"}},{"VideoNumber":"34","EventNumber":"9","Time":{"Start":"01:56:01","End":"01:56:24"}},{"VideoNumber":"34","EventNumber":"10","Time":{"Start":"02:13:11","End":"02:13:34"}},{"VideoNumber":"34","EventNumber":"11","Time":{"Start":"02:24:41","End":"02:25:04"}},{"VideoNumber":"34","EventNumber":"12","Time":{"Start":"02:26:51","End":"02:27:14"}},{"VideoNumber":"34","EventNumber":"13","Time":{"Start":"02:29:11","End":"02:29:34"}},{"VideoNumber":"33","EventNumber":"14","Time":{"Start":"00:17:21","End":"00:17:44"}},{"VideoNumber":"33","EventNumber":"15","Time":{"Start":"00:22:31","End":"00:22:54"}},{"VideoNumber":"33","EventNumber":"16","Time":{"Start":"00:23:41","End":"00:24:04"}},{"VideoNumber":"33","EventNumber":"17","Time":{"Start":"00:26:41","End":"00:27:04"}},{"VideoNumber":"33","EventNumber":"18","Time":{"Start":"00:30:31","End":"00:30:54"}},{"VideoNumber":"33","EventNumber":"19","Time":{"Start":"00:37:51","End":"00:38:14"}},{"VideoNumber":"33","EventNumber":"20","Time":{"Start":"00:40:31","End":"00:40:54"}},{"VideoNumber":"33","EventNumber":"21","Time":{"Start":"00:44:51","End":"00:45:14"}},{"VideoNumber":"33","EventNumber":"22","Time":{"Start":"00:45:21","End":"00:45:44"}},{"VideoNumber":"33","EventNumber":"23","Time":{"Start":"00:46:41","End":"00:47:04"}},{"VideoNumber":"33","EventNumber":"24","Time":{"Start":"00:49:31","End":"00:49:54"}},{"VideoNumber":"33","EventNumber":"25","Time":{"Start":"00:50:31","End":"00:50:54"}},{"VideoNumber":"33","EventNumber":"26","Time":{"Start":"00:58:01","End":"00:58:24"}},{"VideoNumber":"33","EventNumber":"27","Time":{"Start":"00:59:31","End":"00:59:54"}},{"VideoNumber":"33","EventNumber":"28","Time":{"Start":"01:00:21","End":"01:00:44"}},{"VideoNumber":"33","EventNumber":"29","Time":{"Start":"01:00:31","End":"01:00:54"}},{"VideoNumber":"33","EventNumber":"30","Time":{"Start":"01:00:41","End":"01:01:04"}},{"VideoNumber":"33","EventNumber":"31","Time":{"Start":"01:03:31","End":"01:03:54"}},{"VideoNumber":"33","EventNumber":"32","Time":{"Start":"01:03:51","End":"01:04:14"}},{"VideoNumber":"33","EventNumber":"33","Time":{"Start":"01:06:01","End":"01:06:24"}},{"VideoNumber":"33","EventNumber":"34","Time":{"Start":"01:06:31","End":"01:06:54"}},{"VideoNumber":"33","EventNumber":"35","Time":{"Start":"01:10:41","End":"01:11:04"}},{"VideoNumber":"33","EventNumber":"36","Time":{"Start":"01:10:51","End":"01:11:14"}},{"VideoNumber":"33","EventNumber":"37","Time":{"Start":"01:11:21","End":"01:11:44"}},{"VideoNumber":"33","EventNumber":"38","Time":{"Start":"01:27:01","End":"01:27:24"}},{"VideoNumber":"33","EventNumber":"39","Time":{"Start":"01:29:31","End":"01:29:54"}},{"VideoNumber":"33","EventNumber":"40","Time":{"Start":"01:33:11","End":"01:33:34"}},{"VideoNumber":"30","EventNumber":"41","Time":{"Start":"01:28:01","End":"01:28:24"}},{"VideoNumber":"30","EventNumber":"42","Time":{"Start":"01:28:11","End":"01:28:34"}},{"VideoNumber":"30","EventNumber":"43","Time":{"Start":"01:29:01","End":"01:29:24"}},{"VideoNumber":"30","EventNumber":"44","Time":{"Start":"01:29:11","End":"01:29:34"}},{"VideoNumber":"30","EventNumber":"45","Time":{"Start":"01:36:31","End":"01:36:54"}},{"VideoNumber":"30","EventNumber":"46","Time":{"Start":"01:37:21","End":"01:37:44"}},{"VideoNumber":"30","EventNumber":"47","Time":{"Start":"01:39:31","End":"01:39:54"}},{"VideoNumber":"30","EventNumber":"48","Time":{"Start":"01:43:21","End":"01:43:44"}},{"VideoNumber":"30","EventNumber":"49","Time":{"Start":"01:44:41","End":"01:45:04"}},{"VideoNumber":"30","EventNumber":"50","Time":{"Start":"01:44:51","End":"01:45:14"}},{"VideoNumber":"30","EventNumber":"51","Time":{"Start":"01:46:01","End":"01:46:24"}},{"VideoNumber":"30","EventNumber":"52","Time":{"Start":"01:46:51","End":"01:47:14"}},{"VideoNumber":"30","EventNumber":"53","Time":{"Start":"01:49:01","End":"01:49:24"}},{"VideoNumber":"30","EventNumber":"54","Time":{"Start":"01:49:11","End":"01:49:34"}},{"VideoNumber":"30","EventNumber":"55","Time":{"Start":"01:51:41","End":"01:52:04"}},{"VideoNumber":"3","EventNumber":"56","Time":{"Start":"01:02:43","End":"01:03:06"}},{"VideoNumber":"3","EventNumber":"57","Time":{"Start":"01:04:23","End":"01:04:46"}},{"VideoNumber":"3","EventNumber":"58","Time":{"Start":"01:05:23","End":"01:05:46"}},{"VideoNumber":"3","EventNumber":"59","Time":{"Start":"01:06:43","End":"01:07:06"}},{"VideoNumber":"3","EventNumber":"60","Time":{"Start":"01:07:23","End":"01:07:46"}},{"VideoNumber":"3","EventNumber":"61","Time":{"Start":"01:08:03","End":"01:08:26"}},{"VideoNumber":"3","EventNumber":"62","Time":{"Start":"01:08:43","End":"01:09:06"}},{"VideoNumber":"3","EventNumber":"63","Time":{"Start":"01:09:33","End":"01:09:56"}},{"VideoNumber":"3","EventNumber":"64","Time":{"Start":"01:10:13","End":"01:10:36"}},{"VideoNumber":"3","EventNumber":"65","Time":{"Start":"01:10:43","End":"01:11:06"}},{"VideoNumber":"3","EventNumber":"66","Time":{"Start":"01:11:33","End":"01:11:56"}},{"VideoNumber":"3","EventNumber":"67","Time":{"Start":"01:12:43","End":"01:13:06"}},{"VideoNumber":"3","EventNumber":"68","Time":{"Start":"01:13:13","End":"01:13:36"}},{"VideoNumber":"3","EventNumber":"69","Time":{"Start":"01:13:33","End":"01:13:56"}},{"VideoNumber":"3","EventNumber":"70","Time":{"Start":"01:13:53","End":"01:14:16"}},{"VideoNumber":"3","EventNumber":"71","Time":{"Start":"01:15:43","End":"01:16:06"}},{"VideoNumber":"3","EventNumber":"72","Time":{"Start":"01:17:23","End":"01:17:46"}},{"VideoNumber":"3","EventNumber":"73","Time":{"Start":"01:18:43","End":"01:19:06"}},{"VideoNumber":"3","EventNumber":"74","Time":{"Start":"01:19:13","End":"01:19:36"}},{"VideoNumber":"3","EventNumber":"75","Time":{"Start":"01:20:33","End":"01:20:56"}},{"VideoNumber":"3","EventNumber":"76","Time":{"Start":"01:20:53","End":"01:21:16"}},{"VideoNumber":"3","EventNumber":"77","Time":{"Start":"01:21:23","End":"01:21:46"}},{"VideoNumber":"3","EventNumber":"78","Time":{"Start":"01:21:53","End":"01:22:16"}},{"VideoNumber":"3","EventNumber":"79","Time":{"Start":"01:22:13","End":"01:22:36"}},{"VideoNumber":"3","EventNumber":"80","Time":{"Start":"01:23:43","End":"01:24:06"}},{"VideoNumber":"3","EventNumber":"81","Time":{"Start":"01:24:33","End":"01:24:56"}},{"VideoNumber":"3","EventNumber":"82","Time":{"Start":"01:25:13","End":"01:25:36"}},{"VideoNumber":"3","EventNumber":"83","Time":{"Start":"01:25:53","End":"01:26:16"}},{"VideoNumber":"3","EventNumber":"84","Time":{"Start":"01:26:23","End":"01:26:46"}},{"VideoNumber":"3","EventNumber":"85","Time":{"Start":"01:27:03","End":"01:27:26"}},{"VideoNumber":"3","EventNumber":"86","Time":{"Start":"01:36:33","End":"01:36:56"}},{"VideoNumber":"3","EventNumber":"87","Time":{"Start":"01:42:13","End":"01:42:36"}},{"VideoNumber":"3","EventNumber":"88","Time":{"Start":"01:42:53","End":"01:43:16"}},{"VideoNumber":"3","EventNumber":"89","Time":{"Start":"01:44:13","End":"01:44:36"}},{"VideoNumber":"3","EventNumber":"90","Time":{"Start":"01:44:33","End":"01:44:56"}},{"VideoNumber":"3","EventNumber":"91","Time":{"Start":"01:46:03","End":"01:46:26"}},{"VideoNumber":"3","EventNumber":"92","Time":{"Start":"01:47:33","End":"01:47:56"}},{"VideoNumber":"3","EventNumber":"93","Time":{"Start":"01:50:53","End":"01:51:16"}},{"VideoNumber":"3","EventNumber":"94","Time":{"Start":"01:52:13","End":"01:52:36"}},{"VideoNumber":"3","EventNumber":"95","Time":{"Start":"01:58:13","End":"01:58:36"}},{"VideoNumber":"3","EventNumber":"96","Time":{"Start":"01:59:53","End":"02:00:16"}},{"VideoNumber":"3","EventNumber":"97","Time":{"Start":"02:00:43","End":"02:01:06"}},{"VideoNumber":"3","EventNumber":"98","Time":{"Start":"02:01:53","End":"02:02:16"}},{"VideoNumber":"3","EventNumber":"99","Time":{"Start":"02:03:03","End":"02:03:26"}},{"VideoNumber":"3","EventNumber":"100","Time":{"Start":"02:03:53","End":"02:04:16"}},{"VideoNumber":"3","EventNumber":"101","Time":{"Start":"02:05:13","End":"02:05:36"}},{"VideoNumber":"3","EventNumber":"102","Time":{"Start":"02:05:43","End":"02:06:06"}},{"VideoNumber":"3","EventNumber":"103","Time":{"Start":"02:06:53","End":"02:07:16"}},{"VideoNumber":"3","EventNumber":"104","Time":{"Start":"02:07:03","End":"02:07:26"}},{"VideoNumber":"3","EventNumber":"105","Time":{"Start":"02:08:13","End":"02:08:36"}},{"VideoNumber":"3","EventNumber":"106","Time":{"Start":"02:11:33","End":"02:11:56"}},{"VideoNumber":"3","EventNumber":"107","Time":{"Start":"02:12:13","End":"02:12:36"}},{"VideoNumber":"3","EventNumber":"108","Time":{"Start":"02:12:53","End":"02:13:16"}},{"VideoNumber":"3","EventNumber":"109","Time":{"Start":"02:14:03","End":"02:14:26"}},{"VideoNumber":"3","EventNumber":"110","Time":{"Start":"02:14:23","End":"02:14:46"}},{"VideoNumber":"3","EventNumber":"111","Time":{"Start":"02:15:23","End":"02:15:46"}},{"VideoNumber":"3","EventNumber":"112","Time":{"Start":"02:16:13","End":"02:16:36"}},{"VideoNumber":"3","EventNumber":"113","Time":{"Start":"02:16:43","End":"02:17:06"}},{"VideoNumber":"3","EventNumber":"114","Time":{"Start":"02:18:03","End":"02:18:26"}},{"VideoNumber":"3","EventNumber":"115","Time":{"Start":"02:20:13","End":"02:20:36"}},{"VideoNumber":"3","EventNumber":"116","Time":{"Start":"02:21:33","End":"02:21:56"}},{"VideoNumber":"3","EventNumber":"117","Time":{"Start":"02:22:13","End":"02:22:36"}},{"VideoNumber":"3","EventNumber":"118","Time":{"Start":"02:23:23","End":"02:23:46"}},{"VideoNumber":"3","EventNumber":"119","Time":{"Start":"02:24:03","End":"02:24:26"}},{"VideoNumber":"3","EventNumber":"120","Time":{"Start":"02:24:43","End":"02:25:06"}},{"VideoNumber":"3","EventNumber":"121","Time":{"Start":"02:26:03","End":"02:26:26"}},{"VideoNumber":"3","EventNumber":"122","Time":{"Start":"02:26:43","End":"02:27:06"}},{"VideoNumber":"3","EventNumber":"123","Time":{"Start":"02:27:33","End":"02:27:56"}},{"VideoNumber":"3","EventNumber":"124","Time":{"Start":"02:28:53","End":"02:29:16"}},{"VideoNumber":"3","EventNumber":"125","Time":{"Start":"02:30:43","End":"02:31:06"}},{"VideoNumber":"3","EventNumber":"126","Time":{"Start":"02:31:53","End":"02:32:16"}},{"VideoNumber":"3","EventNumber":"127","Time":{"Start":"02:32:13","End":"02:32:36"}},{"VideoNumber":"3","EventNumber":"128","Time":{"Start":"02:32:53","End":"02:33:16"}},{"VideoNumber":"3","EventNumber":"129","Time":{"Start":"02:34:13","End":"02:34:36"}},{"VideoNumber":"3","EventNumber":"130","Time":{"Start":"02:34:43","End":"02:35:06"}},{"VideoNumber":"3","EventNumber":"131","Time":{"Start":"02:35:23","End":"02:35:46"}},{"VideoNumber":"3","EventNumber":"132","Time":{"Start":"02:37:13","End":"02:37:36"}},{"VideoNumber":"3","EventNumber":"133","Time":{"Start":"02:37:53","End":"02:38:16"}},{"VideoNumber":"3","EventNumber":"134","Time":{"Start":"02:38:13","End":"02:38:36"}},{"VideoNumber":"3","EventNumber":"135","Time":{"Start":"02:38:33","End":"02:38:56"}},{"VideoNumber":"3","EventNumber":"136","Time":{"Start":"02:39:13","End":"02:39:36"}},{"VideoNumber":"3","EventNumber":"137","Time":{"Start":"02:39:53","End":"02:40:16"}},{"VideoNumber":"3","EventNumber":"138","Time":{"Start":"02:42:23","End":"02:42:46"}},{"VideoNumber":"3","EventNumber":"139","Time":{"Start":"02:43:03","End":"02:43:26"}},{"VideoNumber":"3","EventNumber":"140","Time":{"Start":"02:45:13","End":"02:45:36"}},{"VideoNumber":"3","EventNumber":"141","Time":{"Start":"02:45:43","End":"02:46:06"}},{"VideoNumber":"3","EventNumber":"142","Time":{"Start":"02:46:23","End":"02:46:46"}},{"VideoNumber":"3","EventNumber":"143","Time":{"Start":"02:46:53","End":"02:47:16"}},{"VideoNumber":"3","EventNumber":"144","Time":{"Start":"02:48:43","End":"02:49:06"}},{"VideoNumber":"3","EventNumber":"145","Time":{"Start":"02:49:23","End":"02:49:46"}},{"VideoNumber":"3","EventNumber":"146","Time":{"Start":"02:49:33","End":"02:49:56"}},{"VideoNumber":"3","EventNumber":"147","Time":{"Start":"02:50:03","End":"02:50:26"}},{"VideoNumber":"3","EventNumber":"148","Time":{"Start":"02:52:23","End":"02:52:46"}},{"VideoNumber":"3","EventNumber":"149","Time":{"Start":"02:54:23","End":"02:54:46"}},{"VideoNumber":"3","EventNumber":"150","Time":{"Start":"02:55:03","End":"02:55:26"}},{"VideoNumber":"3","EventNumber":"151","Time":{"Start":"02:55:43","End":"02:56:06"}},{"VideoNumber":"3","EventNumber":"152","Time":{"Start":"02:57:13","End":"02:57:36"}},{"VideoNumber":"3","EventNumber":"153","Time":{"Start":"02:57:53","End":"02:58:16"}},{"VideoNumber":"3","EventNumber":"154","Time":{"Start":"02:58:03","End":"02:58:26"}},{"VideoNumber":"3","EventNumber":"155","Time":{"Start":"02:58:43","End":"02:59:06"}},{"VideoNumber":"3","EventNumber":"156","Time":{"Start":"02:59:43","End":"03:00:06"}},{"VideoNumber":"3","EventNumber":"157","Time":{"Start":"03:00:33","End":"03:00:56"}},{"VideoNumber":"3","EventNumber":"158","Time":{"Start":"03:01:13","End":"03:01:36"}},{"VideoNumber":"3","EventNumber":"159","Time":{"Start":"03:01:33","End":"03:01:56"}},{"VideoNumber":"3","EventNumber":"160","Time":{"Start":"03:01:53","End":"03:02:16"}},{"VideoNumber":"3","EventNumber":"161","Time":{"Start":"03:03:03","End":"03:03:26"}},{"VideoNumber":"3","EventNumber":"162","Time":{"Start":"03:03:53","End":"03:04:16"}},{"VideoNumber":"3","EventNumber":"163","Time":{"Start":"03:04:13","End":"03:04:36"}},{"VideoNumber":"3","EventNumber":"164","Time":{"Start":"03:04:53","End":"03:05:16"}},{"VideoNumber":"2","EventNumber":"165","Time":{"Start":"05:12:36","End":"05:12:59"}},{"VideoNumber":"2","EventNumber":"166","Time":{"Start":"05:13:16","End":"05:13:39"}},{"VideoNumber":"2","EventNumber":"167","Time":{"Start":"05:18:46","End":"05:19:09"}},{"VideoNumber":"2","EventNumber":"168","Time":{"Start":"05:19:46","End":"05:20:09"}},{"VideoNumber":"2","EventNumber":"169","Time":{"Start":"05:20:56","End":"05:21:19"}},{"VideoNumber":"2","EventNumber":"170","Time":{"Start":"05:23:26","End":"05:23:49"}},{"VideoNumber":"2","EventNumber":"171","Time":{"Start":"05:24:46","End":"05:25:09"}},{"VideoNumber":"2","EventNumber":"172","Time":{"Start":"05:25:46","End":"05:26:09"}},{"VideoNumber":"2","EventNumber":"173","Time":{"Start":"05:26:36","End":"05:26:59"}},{"VideoNumber":"2","EventNumber":"174","Time":{"Start":"05:28:56","End":"05:29:19"}},{"VideoNumber":"2","EventNumber":"175","Time":{"Start":"05:30:16","End":"05:30:39"}},{"VideoNumber":"2","EventNumber":"176","Time":{"Start":"05:30:46","End":"05:31:09"}},{"VideoNumber":"2","EventNumber":"177","Time":{"Start":"05:32:56","End":"05:33:19"}},{"VideoNumber":"2","EventNumber":"178","Time":{"Start":"05:33:56","End":"05:34:19"}},{"VideoNumber":"2","EventNumber":"179","Time":{"Start":"05:37:26","End":"05:37:49"}},{"VideoNumber":"2","EventNumber":"180","Time":{"Start":"05:39:36","End":"05:39:59"}},{"VideoNumber":"2","EventNumber":"181","Time":{"Start":"05:41:26","End":"05:41:49"}},{"VideoNumber":"2","EventNumber":"182","Time":{"Start":"05:43:26","End":"05:43:49"}},{"VideoNumber":"2","EventNumber":"183","Time":{"Start":"05:43:56","End":"05:44:19"}},{"VideoNumber":"2","EventNumber":"184","Time":{"Start":"05:44:26","End":"05:44:49"}},{"VideoNumber":"2","EventNumber":"185","Time":{"Start":"05:45:16","End":"05:45:39"}},{"VideoNumber":"2","EventNumber":"186","Time":{"Start":"05:45:56","End":"05:46:19"}},{"VideoNumber":"2","EventNumber":"187","Time":{"Start":"05:47:06","End":"05:47:29"}},{"VideoNumber":"2","EventNumber":"188","Time":{"Start":"05:48:56","End":"05:49:19"}},{"VideoNumber":"2","EventNumber":"189","Time":{"Start":"05:49:36","End":"05:49:59"}},{"VideoNumber":"2","EventNumber":"190","Time":{"Start":"05:50:56","End":"05:51:19"}},{"VideoNumber":"2","EventNumber":"191","Time":{"Start":"05:51:46","End":"05:52:09"}},{"VideoNumber":"2","EventNumber":"192","Time":{"Start":"05:52:06","End":"05:52:29"}},{"VideoNumber":"2","EventNumber":"193","Time":{"Start":"05:52:46","End":"05:53:09"}},{"VideoNumber":"2","EventNumber":"194","Time":{"Start":"05:53:26","End":"05:53:49"}},{"VideoNumber":"2","EventNumber":"195","Time":{"Start":"05:56:36","End":"05:56:59"}},{"VideoNumber":"2","EventNumber":"196","Time":{"Start":"06:02:56","End":"06:03:19"}},{"VideoNumber":"2","EventNumber":"197","Time":{"Start":"06:04:36","End":"06:04:59"}},{"VideoNumber":"2","EventNumber":"198","Time":{"Start":"06:07:26","End":"06:07:49"}},{"VideoNumber":"2","EventNumber":"199","Time":{"Start":"06:11:06","End":"06:11:29"}},{"VideoNumber":"2","EventNumber":"200","Time":{"Start":"06:12:06","End":"06:12:29"}},{"VideoNumber":"2","EventNumber":"201","Time":{"Start":"06:13:06","End":"06:13:29"}},{"VideoNumber":"2","EventNumber":"202","Time":{"Start":"06:19:36","End":"06:19:59"}},{"VideoNumber":"2","EventNumber":"203","Time":{"Start":"06:21:26","End":"06:21:49"}},{"VideoNumber":"2","EventNumber":"204","Time":{"Start":"06:23:06","End":"06:23:29"}},{"VideoNumber":"2","EventNumber":"205","Time":{"Start":"06:24:06","End":"06:24:29"}},{"VideoNumber":"2","EventNumber":"206","Time":{"Start":"06:24:46","End":"06:25:09"}},{"VideoNumber":"2","EventNumber":"207","Time":{"Start":"06:25:26","End":"06:25:49"}},{"VideoNumber":"2","EventNumber":"208","Time":{"Start":"06:26:46","End":"06:27:09"}},{"VideoNumber":"2","EventNumber":"209","Time":{"Start":"06:29:36","End":"06:29:59"}},{"VideoNumber":"2","EventNumber":"210","Time":{"Start":"06:30:36","End":"06:30:59"}},{"VideoNumber":"2","EventNumber":"211","Time":{"Start":"06:31:16","End":"06:31:39"}},{"VideoNumber":"2","EventNumber":"212","Time":{"Start":"06:34:36","End":"06:34:59"}},{"VideoNumber":"2","EventNumber":"213","Time":{"Start":"06:36:36","End":"06:36:59"}},{"VideoNumber":"2","EventNumber":"214","Time":{"Start":"06:38:16","End":"06:38:39"}},{"VideoNumber":"2","EventNumber":"215","Time":{"Start":"06:39:16","End":"06:39:39"}},{"VideoNumber":"2","EventNumber":"216","Time":{"Start":"06:41:06","End":"06:41:29"}},{"VideoNumber":"2","EventNumber":"217","Time":{"Start":"06:42:06","End":"06:42:29"}},{"VideoNumber":"2","EventNumber":"218","Time":{"Start":"06:43:46","End":"06:44:09"}},{"VideoNumber":"2","EventNumber":"219","Time":{"Start":"06:44:56","End":"06:45:19"}},{"VideoNumber":"2","EventNumber":"220","Time":{"Start":"06:46:36","End":"06:46:59"}},{"VideoNumber":"2","EventNumber":"221","Time":{"Start":"06:47:16","End":"06:47:39"}},{"VideoNumber":"2","EventNumber":"222","Time":{"Start":"06:48:46","End":"06:49:09"}},{"VideoNumber":"2","EventNumber":"223","Time":{"Start":"06:49:16","End":"06:49:39"}},{"VideoNumber":"2","EventNumber":"224","Time":{"Start":"06:49:56","End":"06:50:19"}},{"VideoNumber":"2","EventNumber":"225","Time":{"Start":"06:50:56","End":"06:51:19"}},{"VideoNumber":"2","EventNumber":"226","Time":{"Start":"06:52:06","End":"06:52:29"}},{"VideoNumber":"2","EventNumber":"227","Time":{"Start":"06:53:06","End":"06:53:29"}},{"VideoNumber":"2","EventNumber":"228","Time":{"Start":"06:53:46","End":"06:54:09"}},{"VideoNumber":"2","EventNumber":"229","Time":{"Start":"06:54:36","End":"06:54:59"}},{"VideoNumber":"2","EventNumber":"230","Time":{"Start":"06:56:06","End":"06:56:29"}},{"VideoNumber":"2","EventNumber":"231","Time":{"Start":"06:57:46","End":"06:58:09"}},{"VideoNumber":"2","EventNumber":"232","Time":{"Start":"06:58:36","End":"06:58:59"}},{"VideoNumber":"2","EventNumber":"233","Time":{"Start":"06:59:06","End":"06:59:29"}},{"VideoNumber":"2","EventNumber":"234","Time":{"Start":"07:01:26","End":"07:01:49"}},{"VideoNumber":"2","EventNumber":"235","Time":{"Start":"07:03:56","End":"07:04:19"}},{"VideoNumber":"2","EventNumber":"236","Time":{"Start":"07:04:26","End":"07:04:49"}},{"VideoNumber":"2","EventNumber":"237","Time":{"Start":"07:11:16","End":"07:11:39"}},{"VideoNumber":"2","EventNumber":"238","Time":{"Start":"07:12:46","End":"07:13:09"}},{"VideoNumber":"2","EventNumber":"239","Time":{"Start":"07:14:06","End":"07:14:29"}},{"VideoNumber":"2","EventNumber":"240","Time":{"Start":"07:14:56","End":"07:15:19"}},{"VideoNumber":"2","EventNumber":"241","Time":{"Start":"07:17:46","End":"07:18:09"}},{"VideoNumber":"2","EventNumber":"242","Time":{"Start":"07:18:26","End":"07:18:49"}},{"VideoNumber":"2","EventNumber":"243","Time":{"Start":"07:19:26","End":"07:19:49"}},{"VideoNumber":"2","EventNumber":"244","Time":{"Start":"07:20:06","End":"07:20:29"}},{"VideoNumber":"2","EventNumber":"245","Time":{"Start":"07:22:56","End":"07:23:19"}},{"VideoNumber":"2","EventNumber":"246","Time":{"Start":"07:23:36","End":"07:23:59"}},{"VideoNumber":"2","EventNumber":"247","Time":{"Start":"07:25:46","End":"07:26:09"}},{"VideoNumber":"2","EventNumber":"248","Time":{"Start":"07:26:56","End":"07:27:19"}},{"VideoNumber":"2","EventNumber":"249","Time":{"Start":"07:29:46","End":"07:30:09"}},{"VideoNumber":"2","EventNumber":"250","Time":{"Start":"07:31:16","End":"07:31:39"}},{"VideoNumber":"2","EventNumber":"251","Time":{"Start":"07:31:56","End":"07:32:19"}},{"VideoNumber":"2","EventNumber":"252","Time":{"Start":"07:32:26","End":"07:32:49"}},{"VideoNumber":"2","EventNumber":"253","Time":{"Start":"07:33:06","End":"07:33:29"}},{"VideoNumber":"2","EventNumber":"254","Time":{"Start":"07:40:26","End":"07:40:49"}}]