[{"VideoNumber":"53","EventNumber":"1","Time":{"Start":"00:00:41","End":"00:01:04"}},{"VideoNumber":"53","EventNumber":"2","Time":{"Start":"00:00:51","End":"00:01:14"}},{"VideoNumber":"53","EventNumber":"3","Time":{"Start":"00:01:01","End":"00:01:24"}},{"VideoNumber":"53","EventNumber":"4","Time":{"Start":"00:01:11","End":"00:01:34"}},{"VideoNumber":"53","EventNumber":"5","Time":{"Start":"00:01:21","End":"00:01:44"}},{"VideoNumber":"53","EventNumber":"6","Time":{"Start":"00:01:51","End":"00:02:14"}},{"VideoNumber":"53","EventNumber":"7","Time":{"Start":"00:02:01","End":"00:02:24"}},{"VideoNumber":"53","EventNumber":"8","Time":{"Start":"00:02:41","End":"00:03:04"}},{"VideoNumber":"53","EventNumber":"9","Time":{"Start":"00:03:01","End":"00:03:24"}},{"VideoNumber":"53","EventNumber":"10","Time":{"Start":"00:03:31","End":"00:03:54"}},{"VideoNumber":"53","EventNumber":"11","Time":{"Start":"00:03:51","End":"00:04:14"}},{"VideoNumber":"53","EventNumber":"12","Time":{"Start":"00:04:31","End":"00:04:54"}},{"VideoNumber":"53","EventNumber":"13","Time":{"Start":"00:04:41","End":"00:05:04"}},{"VideoNumber":"53","EventNumber":"14","Time":{"Start":"00:05:01","End":"00:05:24"}},{"VideoNumber":"53","EventNumber":"15","Time":{"Start":"00:05:21","End":"00:05:44"}},{"VideoNumber":"53","EventNumber":"16","Time":{"Start":"00:05:41","End":"00:06:04"}},{"VideoNumber":"53","EventNumber":"17","Time":{"Start":"00:05:51","End":"00:06:14"}},{"VideoNumber":"53","EventNumber":"18","Time":{"Start":"00:06:11","End":"00:06:34"}},{"VideoNumber":"53","EventNumber":"19","Time":{"Start":"00:06:21","End":"00:06:44"}},{"VideoNumber":"53","EventNumber":"20","Time":{"Start":"00:06:41","End":"00:07:04"}},{"VideoNumber":"53","EventNumber":"21","Time":{"Start":"00:06:51","End":"00:07:14"}},{"VideoNumber":"53","EventNumber":"22","Time":{"Start":"00:07:01","End":"00:07:24"}},{"VideoNumber":"53","EventNumber":"23","Time":{"Start":"00:07:31","End":"00:07:54"}},{"VideoNumber":"53","EventNumber":"24","Time":{"Start":"00:07:41","End":"00:08:04"}},{"VideoNumber":"53","EventNumber":"25","Time":{"Start":"00:08:01","End":"00:08:24"}},{"VideoNumber":"53","EventNumber":"26","Time":{"Start":"00:08:11","End":"00:08:34"}},{"VideoNumber":"53","EventNumber":"27","Time":{"Start":"00:08:31","End":"00:08:54"}},{"VideoNumber":"53","EventNumber":"28","Time":{"Start":"00:09:11","End":"00:09:34"}},{"VideoNumber":"53","EventNumber":"29","Time":{"Start":"00:09:21","End":"00:09:44"}},{"VideoNumber":"53","EventNumber":"30","Time":{"Start":"00:10:11","End":"00:10:34"}},{"VideoNumber":"53","EventNumber":"31","Time":{"Start":"00:10:31","End":"00:10:54"}},{"VideoNumber":"53","EventNumber":"32","Time":{"Start":"00:10:41","End":"00:11:04"}},{"VideoNumber":"53","EventNumber":"33","Time":{"Start":"00:11:01","End":"00:11:24"}},{"VideoNumber":"53","EventNumber":"34","Time":{"Start":"00:11:31","End":"00:11:54"}},{"VideoNumber":"53","EventNumber":"35","Time":{"Start":"00:11:41","End":"00:12:04"}},{"VideoNumber":"53","EventNumber":"36","Time":{"Start":"00:12:01","End":"00:12:24"}},{"VideoNumber":"53","EventNumber":"37","Time":{"Start":"00:12:11","End":"00:12:34"}},{"VideoNumber":"53","EventNumber":"38","Time":{"Start":"00:12:21","End":"00:12:44"}},{"VideoNumber":"53","EventNumber":"39","Time":{"Start":"00:12:31","End":"00:12:54"}},{"VideoNumber":"53","EventNumber":"40","Time":{"Start":"00:13:01","End":"00:13:24"}},{"VideoNumber":"53","EventNumber":"41","Time":{"Start":"00:13:21","End":"00:13:44"}},{"VideoNumber":"53","EventNumber":"42","Time":{"Start":"00:13:41","End":"00:14:04"}},{"VideoNumber":"53","EventNumber":"43","Time":{"Start":"00:13:51","End":"00:14:14"}},{"VideoNumber":"53","EventNumber":"44","Time":{"Start":"00:14:11","End":"00:14:34"}},{"VideoNumber":"53","EventNumber":"45","Time":{"Start":"00:14:21","End":"00:14:44"}},{"VideoNumber":"53","EventNumber":"46","Time":{"Start":"00:14:41","End":"00:15:04"}},{"VideoNumber":"53","EventNumber":"47","Time":{"Start":"00:14:51","End":"00:15:14"}},{"VideoNumber":"53","EventNumber":"48","Time":{"Start":"00:15:01","End":"00:15:24"}},{"VideoNumber":"53","EventNumber":"49","Time":{"Start":"00:15:11","End":"00:15:34"}},{"VideoNumber":"53","EventNumber":"50","Time":{"Start":"00:15:21","End":"00:15:44"}},{"VideoNumber":"53","EventNumber":"51","Time":{"Start":"00:15:31","End":"00:15:54"}},{"VideoNumber":"53","EventNumber":"52","Time":{"Start":"00:15:41","End":"00:16:04"}},{"VideoNumber":"53","EventNumber":"53","Time":{"Start":"00:16:01","End":"00:16:24"}},{"VideoNumber":"53","EventNumber":"54","Time":{"Start":"00:16:41","End":"00:17:04"}},{"VideoNumber":"53","EventNumber":"55","Time":{"Start":"00:16:51","End":"00:17:14"}},{"VideoNumber":"53","EventNumber":"56","Time":{"Start":"00:17:21","End":"00:17:44"}},{"VideoNumber":"53","EventNumber":"57","Time":{"Start":"00:17:31","End":"00:17:54"}},{"VideoNumber":"53","EventNumber":"58","Time":{"Start":"00:17:41","End":"00:18:04"}},{"VideoNumber":"53","EventNumber":"59","Time":{"Start":"00:17:51","End":"00:18:14"}},{"VideoNumber":"53","EventNumber":"60","Time":{"Start":"00:18:11","End":"00:18:34"}},{"VideoNumber":"53","EventNumber":"61","Time":{"Start":"00:18:51","End":"00:19:14"}},{"VideoNumber":"53","EventNumber":"62","Time":{"Start":"00:19:01","End":"00:19:24"}},{"VideoNumber":"53","EventNumber":"63","Time":{"Start":"00:19:21","End":"00:19:44"}},{"VideoNumber":"53","EventNumber":"64","Time":{"Start":"00:19:41","End":"00:20:04"}},{"VideoNumber":"53","EventNumber":"65","Time":{"Start":"00:19:51","End":"00:20:14"}},{"VideoNumber":"53","EventNumber":"66","Time":{"Start":"00:20:21","End":"00:20:44"}},{"VideoNumber":"53","EventNumber":"67","Time":{"Start":"00:20:31","End":"00:20:54"}},{"VideoNumber":"53","EventNumber":"68","Time":{"Start":"00:20:41","End":"00:21:04"}},{"VideoNumber":"53","EventNumber":"69","Time":{"Start":"00:20:51","End":"00:21:14"}},{"VideoNumber":"53","EventNumber":"70","Time":{"Start":"00:21:11","End":"00:21:34"}},{"VideoNumber":"53","EventNumber":"71","Time":{"Start":"00:21:41","End":"00:22:04"}},{"VideoNumber":"53","EventNumber":"72","Time":{"Start":"00:21:51","End":"00:22:14"}},{"VideoNumber":"53","EventNumber":"73","Time":{"Start":"00:22:11","End":"00:22:34"}},{"VideoNumber":"53","EventNumber":"74","Time":{"Start":"00:22:31","End":"00:22:54"}},{"VideoNumber":"53","EventNumber":"75","Time":{"Start":"00:23:11","End":"00:23:34"}},{"VideoNumber":"53","EventNumber":"76","Time":{"Start":"00:23:21","End":"00:23:44"}},{"VideoNumber":"53","EventNumber":"77","Time":{"Start":"00:23:31","End":"00:23:54"}},{"VideoNumber":"53","EventNumber":"78","Time":{"Start":"00:24:21","End":"00:24:44"}},{"VideoNumber":"53","EventNumber":"79","Time":{"Start":"00:24:31","End":"00:24:54"}},{"VideoNumber":"53","EventNumber":"80","Time":{"Start":"00:24:41","End":"00:25:04"}},{"VideoNumber":"53","EventNumber":"81","Time":{"Start":"00:24:51","End":"00:25:14"}},{"VideoNumber":"53","EventNumber":"82","Time":{"Start":"00:25:01","End":"00:25:24"}},{"VideoNumber":"53","EventNumber":"83","Time":{"Start":"00:25:11","End":"00:25:34"}},{"VideoNumber":"53","EventNumber":"84","Time":{"Start":"00:25:41","End":"00:26:04"}},{"VideoNumber":"53","EventNumber":"85","Time":{"Start":"00:25:51","End":"00:26:14"}},{"VideoNumber":"53","EventNumber":"86","Time":{"Start":"00:26:01","End":"00:26:24"}},{"VideoNumber":"53","EventNumber":"87","Time":{"Start":"00:26:11","End":"00:26:34"}},{"VideoNumber":"53","EventNumber":"88","Time":{"Start":"00:26:21","End":"00:26:44"}},{"VideoNumber":"53","EventNumber":"89","Time":{"Start":"00:26:41","End":"00:27:04"}},{"VideoNumber":"53","EventNumber":"90","Time":{"Start":"00:27:01","End":"00:27:24"}},{"VideoNumber":"53","EventNumber":"91","Time":{"Start":"00:27:11","End":"00:27:34"}},{"VideoNumber":"53","EventNumber":"92","Time":{"Start":"00:27:31","End":"00:27:54"}},{"VideoNumber":"53","EventNumber":"93","Time":{"Start":"00:27:41","End":"00:28:04"}},{"VideoNumber":"53","EventNumber":"94","Time":{"Start":"00:27:51","End":"00:28:14"}},{"VideoNumber":"53","EventNumber":"95","Time":{"Start":"00:28:11","End":"00:28:34"}},{"VideoNumber":"53","EventNumber":"96","Time":{"Start":"00:28:21","End":"00:28:44"}},{"VideoNumber":"53","EventNumber":"97","Time":{"Start":"00:28:31","End":"00:28:54"}},{"VideoNumber":"53","EventNumber":"98","Time":{"Start":"00:29:11","End":"00:29:34"}},{"VideoNumber":"53","EventNumber":"99","Time":{"Start":"00:29:21","End":"00:29:44"}},{"VideoNumber":"53","EventNumber":"100","Time":{"Start":"00:29:31","End":"00:29:54"}},{"VideoNumber":"53","EventNumber":"101","Time":{"Start":"00:29:41","End":"00:30:04"}},{"VideoNumber":"53","EventNumber":"102","Time":{"Start":"00:29:51","End":"00:30:14"}},{"VideoNumber":"53","EventNumber":"103","Time":{"Start":"00:30:01","End":"00:30:24"}},{"VideoNumber":"53","EventNumber":"104","Time":{"Start":"00:30:31","End":"00:30:54"}},{"VideoNumber":"53","EventNumber":"105","Time":{"Start":"00:31:01","End":"00:31:24"}},{"VideoNumber":"53","EventNumber":"106","Time":{"Start":"00:31:11","End":"00:31:34"}},{"VideoNumber":"53","EventNumber":"107","Time":{"Start":"00:31:41","End":"00:32:04"}},{"VideoNumber":"53","EventNumber":"108","Time":{"Start":"00:32:01","End":"00:32:24"}},{"VideoNumber":"53","EventNumber":"109","Time":{"Start":"00:32:21","End":"00:32:44"}},{"VideoNumber":"53","EventNumber":"110","Time":{"Start":"00:32:31","End":"00:32:54"}},{"VideoNumber":"53","EventNumber":"111","Time":{"Start":"00:32:41","End":"00:33:04"}},{"VideoNumber":"53","EventNumber":"112","Time":{"Start":"00:32:51","End":"00:33:14"}},{"VideoNumber":"53","EventNumber":"113","Time":{"Start":"00:33:01","End":"00:33:24"}},{"VideoNumber":"53","EventNumber":"114","Time":{"Start":"00:33:11","End":"00:33:34"}},{"VideoNumber":"53","EventNumber":"115","Time":{"Start":"00:33:21","End":"00:33:44"}},{"VideoNumber":"53","EventNumber":"116","Time":{"Start":"00:33:31","End":"00:33:54"}},{"VideoNumber":"53","EventNumber":"117","Time":{"Start":"00:33:41","End":"00:34:04"}},{"VideoNumber":"53","EventNumber":"118","Time":{"Start":"00:33:51","End":"00:34:14"}},{"VideoNumber":"53","EventNumber":"119","Time":{"Start":"00:34:01","End":"00:34:24"}},{"VideoNumber":"53","EventNumber":"120","Time":{"Start":"00:34:11","End":"00:34:34"}},{"VideoNumber":"53","EventNumber":"121","Time":{"Start":"00:34:41","End":"00:35:04"}},{"VideoNumber":"53","EventNumber":"122","Time":{"Start":"00:34:51","End":"00:35:14"}},{"VideoNumber":"53","EventNumber":"123","Time":{"Start":"00:35:11","End":"00:35:34"}},{"VideoNumber":"53","EventNumber":"124","Time":{"Start":"00:35:21","End":"00:35:44"}},{"VideoNumber":"53","EventNumber":"125","Time":{"Start":"00:35:31","End":"00:35:54"}},{"VideoNumber":"53","EventNumber":"126","Time":{"Start":"00:35:41","End":"00:36:04"}},{"VideoNumber":"53","EventNumber":"127","Time":{"Start":"00:35:51","End":"00:36:14"}},{"VideoNumber":"53","EventNumber":"128","Time":{"Start":"00:36:11","End":"00:36:34"}},{"VideoNumber":"53","EventNumber":"129","Time":{"Start":"00:36:21","End":"00:36:44"}},{"VideoNumber":"53","EventNumber":"130","Time":{"Start":"00:36:31","End":"00:36:54"}},{"VideoNumber":"53","EventNumber":"131","Time":{"Start":"00:37:01","End":"00:37:24"}},{"VideoNumber":"53","EventNumber":"132","Time":{"Start":"00:37:21","End":"00:37:44"}},{"VideoNumber":"53","EventNumber":"133","Time":{"Start":"00:38:11","End":"00:38:34"}},{"VideoNumber":"53","EventNumber":"134","Time":{"Start":"00:38:21","End":"00:38:44"}},{"VideoNumber":"53","EventNumber":"135","Time":{"Start":"00:38:51","End":"00:39:14"}},{"VideoNumber":"53","EventNumber":"136","Time":{"Start":"00:39:11","End":"00:39:34"}},{"VideoNumber":"53","EventNumber":"137","Time":{"Start":"00:39:31","End":"00:39:54"}},{"VideoNumber":"53","EventNumber":"138","Time":{"Start":"00:39:41","End":"00:40:04"}},{"VideoNumber":"53","EventNumber":"139","Time":{"Start":"00:40:11","End":"00:40:34"}},{"VideoNumber":"53","EventNumber":"140","Time":{"Start":"00:40:31","End":"00:40:54"}},{"VideoNumber":"53","EventNumber":"141","Time":{"Start":"00:40:41","End":"00:41:04"}},{"VideoNumber":"53","EventNumber":"142","Time":{"Start":"00:40:51","End":"00:41:14"}},{"VideoNumber":"53","EventNumber":"143","Time":{"Start":"00:41:11","End":"00:41:34"}},{"VideoNumber":"53","EventNumber":"144","Time":{"Start":"00:41:21","End":"00:41:44"}},{"VideoNumber":"53","EventNumber":"145","Time":{"Start":"00:41:31","End":"00:41:54"}},{"VideoNumber":"53","EventNumber":"146","Time":{"Start":"00:41:41","End":"00:42:04"}},{"VideoNumber":"53","EventNumber":"147","Time":{"Start":"00:41:51","End":"00:42:14"}},{"VideoNumber":"53","EventNumber":"148","Time":{"Start":"00:42:01","End":"00:42:24"}},{"VideoNumber":"53","EventNumber":"149","Time":{"Start":"00:42:11","End":"00:42:34"}},{"VideoNumber":"52","EventNumber":"150","Time":{"Start":"01:50:01","End":"01:50:24"}},{"VideoNumber":"52","EventNumber":"151","Time":{"Start":"01:50:21","End":"01:50:44"}},{"VideoNumber":"52","EventNumber":"152","Time":{"Start":"01:50:41","End":"01:51:04"}},{"VideoNumber":"52","EventNumber":"153","Time":{"Start":"01:51:01","End":"01:51:24"}},{"VideoNumber":"52","EventNumber":"154","Time":{"Start":"01:51:21","End":"01:51:44"}},{"VideoNumber":"52","EventNumber":"155","Time":{"Start":"01:51:51","End":"01:52:14"}},{"VideoNumber":"52","EventNumber":"156","Time":{"Start":"01:52:21","End":"01:52:44"}},{"VideoNumber":"52","EventNumber":"157","Time":{"Start":"01:52:41","End":"01:53:04"}},{"VideoNumber":"52","EventNumber":"158","Time":{"Start":"01:53:21","End":"01:53:44"}},{"VideoNumber":"52","EventNumber":"159","Time":{"Start":"01:54:41","End":"01:55:04"}},{"VideoNumber":"52","EventNumber":"160","Time":{"Start":"01:55:11","End":"01:55:34"}},{"VideoNumber":"52","EventNumber":"161","Time":{"Start":"01:55:21","End":"01:55:44"}},{"VideoNumber":"52","EventNumber":"162","Time":{"Start":"01:57:01","End":"01:57:24"}},{"VideoNumber":"52","EventNumber":"163","Time":{"Start":"01:57:41","End":"01:58:04"}},{"VideoNumber":"52","EventNumber":"164","Time":{"Start":"01:57:51","End":"01:58:14"}},{"VideoNumber":"52","EventNumber":"165","Time":{"Start":"01:58:31","End":"01:58:54"}},{"VideoNumber":"52","EventNumber":"166","Time":{"Start":"01:59:01","End":"01:59:24"}},{"VideoNumber":"52","EventNumber":"167","Time":{"Start":"01:59:31","End":"01:59:54"}},{"VideoNumber":"52","EventNumber":"168","Time":{"Start":"02:00:41","End":"02:01:04"}},{"VideoNumber":"52","EventNumber":"169","Time":{"Start":"02:01:01","End":"02:01:24"}},{"VideoNumber":"52","EventNumber":"170","Time":{"Start":"02:01:31","End":"02:01:54"}},{"VideoNumber":"52","EventNumber":"171","Time":{"Start":"02:01:41","End":"02:02:04"}},{"VideoNumber":"52","EventNumber":"172","Time":{"Start":"02:02:21","End":"02:02:44"}},{"VideoNumber":"52","EventNumber":"173","Time":{"Start":"02:02:31","End":"02:02:54"}},{"VideoNumber":"52","EventNumber":"174","Time":{"Start":"02:03:21","End":"02:03:44"}},{"VideoNumber":"52","EventNumber":"175","Time":{"Start":"02:03:51","End":"02:04:14"}},{"VideoNumber":"52","EventNumber":"176","Time":{"Start":"02:04:51","End":"02:05:14"}},{"VideoNumber":"52","EventNumber":"177","Time":{"Start":"02:05:51","End":"02:06:14"}},{"VideoNumber":"52","EventNumber":"178","Time":{"Start":"02:06:11","End":"02:06:34"}},{"VideoNumber":"52","EventNumber":"179","Time":{"Start":"02:10:21","End":"02:10:44"}},{"VideoNumber":"52","EventNumber":"180","Time":{"Start":"02:10:41","End":"02:11:04"}},{"VideoNumber":"52","EventNumber":"181","Time":{"Start":"02:11:01","End":"02:11:24"}},{"VideoNumber":"52","EventNumber":"182","Time":{"Start":"02:11:21","End":"02:11:44"}},{"VideoNumber":"52","EventNumber":"183","Time":{"Start":"02:11:41","End":"02:12:04"}},{"VideoNumber":"52","EventNumber":"184","Time":{"Start":"02:12:11","End":"02:12:34"}},{"VideoNumber":"52","EventNumber":"185","Time":{"Start":"02:12:51","End":"02:13:14"}},{"VideoNumber":"52","EventNumber":"186","Time":{"Start":"02:13:01","End":"02:13:24"}},{"VideoNumber":"52","EventNumber":"187","Time":{"Start":"02:13:31","End":"02:13:54"}},{"VideoNumber":"52","EventNumber":"188","Time":{"Start":"02:14:01","End":"02:14:24"}},{"VideoNumber":"52","EventNumber":"189","Time":{"Start":"02:14:31","End":"02:14:54"}},{"VideoNumber":"52","EventNumber":"190","Time":{"Start":"02:15:01","End":"02:15:24"}},{"VideoNumber":"52","EventNumber":"191","Time":{"Start":"02:15:21","End":"02:15:44"}},{"VideoNumber":"52","EventNumber":"192","Time":{"Start":"02:15:51","End":"02:16:14"}},{"VideoNumber":"52","EventNumber":"193","Time":{"Start":"02:17:31","End":"02:17:54"}},{"VideoNumber":"52","EventNumber":"194","Time":{"Start":"02:17:41","End":"02:18:04"}},{"VideoNumber":"52","EventNumber":"195","Time":{"Start":"02:18:41","End":"02:19:04"}},{"VideoNumber":"52","EventNumber":"196","Time":{"Start":"02:19:01","End":"02:19:24"}},{"VideoNumber":"52","EventNumber":"197","Time":{"Start":"02:19:31","End":"02:19:54"}},{"VideoNumber":"52","EventNumber":"198","Time":{"Start":"02:20:11","End":"02:20:34"}},{"VideoNumber":"52","EventNumber":"199","Time":{"Start":"02:21:11","End":"02:21:34"}},{"VideoNumber":"52","EventNumber":"200","Time":{"Start":"02:21:51","End":"02:22:14"}},{"VideoNumber":"52","EventNumber":"201","Time":{"Start":"02:22:51","End":"02:23:14"}},{"VideoNumber":"52","EventNumber":"202","Time":{"Start":"02:23:11","End":"02:23:34"}},{"VideoNumber":"2","EventNumber":"203","Time":{"Start":"06:21:26","End":"06:21:49"}},{"VideoNumber":"2","EventNumber":"204","Time":{"Start":"06:23:06","End":"06:23:29"}},{"VideoNumber":"2","EventNumber":"205","Time":{"Start":"06:24:06","End":"06:24:29"}},{"VideoNumber":"2","EventNumber":"206","Time":{"Start":"06:24:46","End":"06:25:09"}},{"VideoNumber":"2","EventNumber":"207","Time":{"Start":"06:25:26","End":"06:25:49"}},{"VideoNumber":"2","EventNumber":"208","Time":{"Start":"06:26:46","End":"06:27:09"}},{"VideoNumber":"2","EventNumber":"209","Time":{"Start":"06:29:36","End":"06:29:59"}},{"VideoNumber":"2","EventNumber":"210","Time":{"Start":"06:30:36","End":"06:30:59"}},{"VideoNumber":"2","EventNumber":"211","Time":{"Start":"06:31:16","End":"06:31:39"}},{"VideoNumber":"2","EventNumber":"212","Time":{"Start":"06:34:36","End":"06:34:59"}},{"VideoNumber":"2","EventNumber":"213","Time":{"Start":"06:36:36","End":"06:36:59"}},{"VideoNumber":"2","EventNumber":"214","Time":{"Start":"06:38:16","End":"06:38:39"}},{"VideoNumber":"2","EventNumber":"215","Time":{"Start":"06:39:16","End":"06:39:39"}},{"VideoNumber":"2","EventNumber":"216","Time":{"Start":"06:41:06","End":"06:41:29"}},{"VideoNumber":"2","EventNumber":"217","Time":{"Start":"06:42:06","End":"06:42:29"}},{"VideoNumber":"2","EventNumber":"218","Time":{"Start":"06:43:46","End":"06:44:09"}},{"VideoNumber":"2","EventNumber":"219","Time":{"Start":"06:44:56","End":"06:45:19"}},{"VideoNumber":"2","EventNumber":"220","Time":{"Start":"06:46:36","End":"06:46:59"}},{"VideoNumber":"2","EventNumber":"221","Time":{"Start":"06:47:16","End":"06:47:39"}},{"VideoNumber":"2","EventNumber":"222","Time":{"Start":"06:48:46","End":"06:49:09"}},{"VideoNumber":"2","EventNumber":"223","Time":{"Start":"06:49:16","End":"06:49:39"}},{"VideoNumber":"2","EventNumber":"224","Time":{"Start":"06:49:56","End":"06:50:19"}},{"VideoNumber":"2","EventNumber":"225","Time":{"Start":"06:50:56","End":"06:51:19"}},{"VideoNumber":"2","EventNumber":"226","Time":{"Start":"06:52:06","End":"06:52:29"}},{"VideoNumber":"2","EventNumber":"227","Time":{"Start":"06:53:06","End":"06:53:29"}},{"VideoNumber":"2","EventNumber":"228","Time":{"Start":"06:53:46","End":"06:54:09"}},{"VideoNumber":"2","EventNumber":"229","Time":{"Start":"06:54:36","End":"06:54:59"}},{"VideoNumber":"2","EventNumber":"230","Time":{"Start":"06:56:06","End":"06:56:29"}},{"VideoNumber":"2","EventNumber":"231","Time":{"Start":"06:57:46","End":"06:58:09"}},{"VideoNumber":"2","EventNumber":"232","Time":{"Start":"06:58:36","End":"06:58:59"}},{"VideoNumber":"2","EventNumber":"233","Time":{"Start":"06:59:06","End":"06:59:29"}},{"VideoNumber":"2","EventNumber":"234","Time":{"Start":"07:01:26","End":"07:01:49"}},{"VideoNumber":"2","EventNumber":"235","Time":{"Start":"07:03:56","End":"07:04:19"}},{"VideoNumber":"2","EventNumber":"236","Time":{"Start":"07:04:26","End":"07:04:49"}},{"VideoNumber":"2","EventNumber":"237","Time":{"Start":"07:11:16","End":"07:11:39"}},{"VideoNumber":"2","EventNumber":"238","Time":{"Start":"07:12:46","End":"07:13:09"}},{"VideoNumber":"2","EventNumber":"239","Time":{"Start":"07:14:06","End":"07:14:29"}},{"VideoNumber":"2","EventNumber":"240","Time":{"Start":"07:14:56","End":"07:15:19"}},{"VideoNumber":"2","EventNumber":"241","Time":{"Start":"07:17:46","End":"07:18:09"}},{"VideoNumber":"2","EventNumber":"242","Time":{"Start":"07:18:26","End":"07:18:49"}},{"VideoNumber":"2","EventNumber":"243","Time":{"Start":"07:19:26","End":"07:19:49"}},{"VideoNumber":"2","EventNumber":"244","Time":{"Start":"07:20:06","End":"07:20:29"}},{"VideoNumber":"2","EventNumber":"245","Time":{"Start":"07:22:56","End":"07:23:19"}},{"VideoNumber":"2","EventNumber":"246","Time":{"Start":"07:23:36","End":"07:23:59"}},{"VideoNumber":"2","EventNumber":"247","Time":{"Start":"07:25:46","End":"07:26:09"}},{"VideoNumber":"2","EventNumber":"248","Time":{"Start":"07:26:56","End":"07:27:19"}},{"VideoNumber":"2","EventNumber":"249","Time":{"Start":"07:29:46","End":"07:30:09"}},{"VideoNumber":"2","EventNumber":"250","Time":{"Start":"07:31:16","End":"07:31:39"}},{"VideoNumber":"2","EventNumber":"251","Time":{"Start":"07:31:56","End":"07:32:19"}},{"VideoNumber":"2","EventNumber":"252","Time":{"Start":"07:32:26","End":"07:32:49"}},{"VideoNumber":"2","EventNumber":"253","Time":{"Start":"07:33:06","End":"07:33:29"}},{"VideoNumber":"2","EventNumber":"254","Time":{"Start":"07:40:26","End":"07:40:49"}}]