[{"VideoNumber":"81","EventNumber":"1","Time":{"Start":"00:00:31","End":"00:00:54"}},{"VideoNumber":"81","EventNumber":"2","Time":{"Start":"00:01:11","End":"00:01:34"}},{"VideoNumber":"81","EventNumber":"3","Time":{"Start":"00:01:41","End":"00:02:04"}},{"VideoNumber":"81","EventNumber":"4","Time":{"Start":"00:02:01","End":"00:02:24"}},{"VideoNumber":"81","EventNumber":"5","Time":{"Start":"00:03:01","End":"00:03:24"}},{"VideoNumber":"81","EventNumber":"6","Time":{"Start":"00:03:11","End":"00:03:34"}},{"VideoNumber":"81","EventNumber":"7","Time":{"Start":"00:04:21","End":"00:04:44"}},{"VideoNumber":"81","EventNumber":"8","Time":{"Start":"00:05:31","End":"00:05:54"}},{"VideoNumber":"81","EventNumber":"9","Time":{"Start":"00:05:51","End":"00:06:14"}},{"VideoNumber":"81","EventNumber":"10","Time":{"Start":"00:07:31","End":"00:07:54"}},{"VideoNumber":"81","EventNumber":"11","Time":{"Start":"00:07:51","End":"00:08:14"}},{"VideoNumber":"81","EventNumber":"12","Time":{"Start":"00:08:11","End":"00:08:34"}},{"VideoNumber":"81","EventNumber":"13","Time":{"Start":"00:11:11","End":"00:11:34"}},{"VideoNumber":"81","EventNumber":"14","Time":{"Start":"00:13:21","End":"00:13:44"}},{"VideoNumber":"81","EventNumber":"15","Time":{"Start":"00:13:41","End":"00:14:04"}},{"VideoNumber":"81","EventNumber":"16","Time":{"Start":"00:15:31","End":"00:15:54"}},{"VideoNumber":"81","EventNumber":"17","Time":{"Start":"00:16:01","End":"00:16:24"}},{"VideoNumber":"81","EventNumber":"18","Time":{"Start":"00:16:41","End":"00:17:04"}},{"VideoNumber":"81","EventNumber":"19","Time":{"Start":"00:17:11","End":"00:17:34"}},{"VideoNumber":"81","EventNumber":"20","Time":{"Start":"00:17:31","End":"00:17:54"}},{"VideoNumber":"81","EventNumber":"21","Time":{"Start":"00:19:21","End":"00:19:44"}},{"VideoNumber":"81","EventNumber":"22","Time":{"Start":"00:20:01","End":"00:20:24"}},{"VideoNumber":"81","EventNumber":"23","Time":{"Start":"00:20:31","End":"00:20:54"}},{"VideoNumber":"81","EventNumber":"24","Time":{"Start":"00:20:51","End":"00:21:14"}},{"VideoNumber":"81","EventNumber":"25","Time":{"Start":"00:21:11","End":"00:21:34"}},{"VideoNumber":"81","EventNumber":"26","Time":{"Start":"00:22:01","End":"00:22:24"}},{"VideoNumber":"81","EventNumber":"27","Time":{"Start":"00:24:51","End":"00:25:14"}},{"VideoNumber":"81","EventNumber":"28","Time":{"Start":"00:26:51","End":"00:27:14"}},{"VideoNumber":"81","EventNumber":"29","Time":{"Start":"00:28:31","End":"00:28:54"}},{"VideoNumber":"81","EventNumber":"30","Time":{"Start":"00:28:51","End":"00:29:14"}},{"VideoNumber":"81","EventNumber":"31","Time":{"Start":"00:29:11","End":"00:29:34"}},{"VideoNumber":"81","EventNumber":"32","Time":{"Start":"00:29:41","End":"00:30:04"}},{"VideoNumber":"81","EventNumber":"33","Time":{"Start":"00:31:41","End":"00:32:04"}},{"VideoNumber":"81","EventNumber":"34","Time":{"Start":"00:34:21","End":"00:34:44"}},{"VideoNumber":"81","EventNumber":"35","Time":{"Start":"00:34:51","End":"00:35:14"}},{"VideoNumber":"81","EventNumber":"36","Time":{"Start":"00:36:11","End":"00:36:34"}},{"VideoNumber":"81","EventNumber":"37","Time":{"Start":"00:40:21","End":"00:40:44"}},{"VideoNumber":"81","EventNumber":"38","Time":{"Start":"00:42:51","End":"00:43:14"}},{"VideoNumber":"81","EventNumber":"39","Time":{"Start":"00:43:21","End":"00:43:44"}},{"VideoNumber":"81","EventNumber":"40","Time":{"Start":"00:43:41","End":"00:44:04"}},{"VideoNumber":"81","EventNumber":"41","Time":{"Start":"00:44:01","End":"00:44:24"}},{"VideoNumber":"81","EventNumber":"42","Time":{"Start":"00:45:31","End":"00:45:54"}},{"VideoNumber":"81","EventNumber":"43","Time":{"Start":"00:45:51","End":"00:46:14"}},{"VideoNumber":"81","EventNumber":"44","Time":{"Start":"00:46:11","End":"00:46:34"}},{"VideoNumber":"81","EventNumber":"45","Time":{"Start":"00:46:21","End":"00:46:44"}},{"VideoNumber":"81","EventNumber":"46","Time":{"Start":"00:47:01","End":"00:47:24"}},{"VideoNumber":"81","EventNumber":"47","Time":{"Start":"00:48:51","End":"00:49:14"}},{"VideoNumber":"81","EventNumber":"48","Time":{"Start":"00:49:11","End":"00:49:34"}},{"VideoNumber":"81","EventNumber":"49","Time":{"Start":"00:50:11","End":"00:50:34"}},{"VideoNumber":"81","EventNumber":"50","Time":{"Start":"00:50:51","End":"00:51:14"}},{"VideoNumber":"81","EventNumber":"51","Time":{"Start":"00:53:21","End":"00:53:44"}},{"VideoNumber":"81","EventNumber":"52","Time":{"Start":"00:53:51","End":"00:54:14"}},{"VideoNumber":"81","EventNumber":"53","Time":{"Start":"00:55:31","End":"00:55:54"}},{"VideoNumber":"81","EventNumber":"54","Time":{"Start":"00:55:51","End":"00:56:14"}},{"VideoNumber":"81","EventNumber":"55","Time":{"Start":"00:57:01","End":"00:57:24"}},{"VideoNumber":"81","EventNumber":"56","Time":{"Start":"00:57:21","End":"00:57:44"}},{"VideoNumber":"81","EventNumber":"57","Time":{"Start":"00:57:31","End":"00:57:54"}},{"VideoNumber":"81","EventNumber":"58","Time":{"Start":"00:58:01","End":"00:58:24"}},{"VideoNumber":"81","EventNumber":"59","Time":{"Start":"00:59:21","End":"00:59:44"}},{"VideoNumber":"81","EventNumber":"60","Time":{"Start":"00:59:31","End":"00:59:54"}},{"VideoNumber":"81","EventNumber":"61","Time":{"Start":"01:01:31","End":"01:01:54"}},{"VideoNumber":"81","EventNumber":"62","Time":{"Start":"01:02:01","End":"01:02:24"}},{"VideoNumber":"81","EventNumber":"63","Time":{"Start":"01:02:51","End":"01:03:14"}},{"VideoNumber":"81","EventNumber":"64","Time":{"Start":"01:03:11","End":"01:03:34"}},{"VideoNumber":"81","EventNumber":"65","Time":{"Start":"01:04:11","End":"01:04:34"}},{"VideoNumber":"81","EventNumber":"66","Time":{"Start":"01:04:21","End":"01:04:44"}},{"VideoNumber":"81","EventNumber":"67","Time":{"Start":"01:07:01","End":"01:07:24"}},{"VideoNumber":"81","EventNumber":"68","Time":{"Start":"01:07:11","End":"01:07:34"}},{"VideoNumber":"81","EventNumber":"69","Time":{"Start":"01:09:21","End":"01:09:44"}},{"VideoNumber":"81","EventNumber":"70","Time":{"Start":"01:12:11","End":"01:12:34"}},{"VideoNumber":"81","EventNumber":"71","Time":{"Start":"01:12:21","End":"01:12:44"}},{"VideoNumber":"81","EventNumber":"72","Time":{"Start":"01:13:31","End":"01:13:54"}},{"VideoNumber":"81","EventNumber":"73","Time":{"Start":"01:15:41","End":"01:16:04"}},{"VideoNumber":"81","EventNumber":"74","Time":{"Start":"01:18:21","End":"01:18:44"}},{"VideoNumber":"81","EventNumber":"75","Time":{"Start":"01:18:41","End":"01:19:04"}},{"VideoNumber":"81","EventNumber":"76","Time":{"Start":"01:18:51","End":"01:19:14"}},{"VideoNumber":"81","EventNumber":"77","Time":{"Start":"01:21:21","End":"01:21:44"}},{"VideoNumber":"81","EventNumber":"78","Time":{"Start":"01:21:41","End":"01:22:04"}},{"VideoNumber":"81","EventNumber":"79","Time":{"Start":"01:22:41","End":"01:23:04"}},{"VideoNumber":"81","EventNumber":"80","Time":{"Start":"01:24:01","End":"01:24:24"}},{"VideoNumber":"81","EventNumber":"81","Time":{"Start":"01:28:41","End":"01:29:04"}},{"VideoNumber":"81","EventNumber":"82","Time":{"Start":"01:29:01","End":"01:29:24"}},{"VideoNumber":"81","EventNumber":"83","Time":{"Start":"01:32:51","End":"01:33:14"}},{"VideoNumber":"81","EventNumber":"84","Time":{"Start":"01:33:41","End":"01:34:04"}},{"VideoNumber":"81","EventNumber":"85","Time":{"Start":"01:34:01","End":"01:34:24"}},{"VideoNumber":"81","EventNumber":"86","Time":{"Start":"01:39:31","End":"01:39:54"}},{"VideoNumber":"76","EventNumber":"87","Time":{"Start":"02:55:41","End":"02:56:04"}},{"VideoNumber":"76","EventNumber":"88","Time":{"Start":"02:58:21","End":"02:58:44"}},{"VideoNumber":"76","EventNumber":"89","Time":{"Start":"02:59:31","End":"02:59:54"}},{"VideoNumber":"76","EventNumber":"90","Time":{"Start":"03:00:11","End":"03:00:34"}},{"VideoNumber":"76","EventNumber":"91","Time":{"Start":"03:00:21","End":"03:00:44"}},{"VideoNumber":"76","EventNumber":"92","Time":{"Start":"03:01:01","End":"03:01:24"}},{"VideoNumber":"76","EventNumber":"93","Time":{"Start":"03:02:01","End":"03:02:24"}},{"VideoNumber":"76","EventNumber":"94","Time":{"Start":"03:02:41","End":"03:03:04"}},{"VideoNumber":"76","EventNumber":"95","Time":{"Start":"03:03:11","End":"03:03:34"}},{"VideoNumber":"76","EventNumber":"96","Time":{"Start":"03:05:41","End":"03:06:04"}},{"VideoNumber":"76","EventNumber":"97","Time":{"Start":"03:08:21","End":"03:08:44"}},{"VideoNumber":"76","EventNumber":"98","Time":{"Start":"03:09:01","End":"03:09:24"}},{"VideoNumber":"76","EventNumber":"99","Time":{"Start":"03:09:21","End":"03:09:44"}},{"VideoNumber":"76","EventNumber":"100","Time":{"Start":"03:10:41","End":"03:11:04"}},{"VideoNumber":"76","EventNumber":"101","Time":{"Start":"03:12:21","End":"03:12:44"}},{"VideoNumber":"76","EventNumber":"102","Time":{"Start":"03:13:41","End":"03:14:04"}},{"VideoNumber":"76","EventNumber":"103","Time":{"Start":"03:17:01","End":"03:17:24"}},{"VideoNumber":"76","EventNumber":"104","Time":{"Start":"03:17:11","End":"03:17:34"}},{"VideoNumber":"76","EventNumber":"105","Time":{"Start":"03:17:41","End":"03:18:04"}},{"VideoNumber":"76","EventNumber":"106","Time":{"Start":"03:18:51","End":"03:19:14"}},{"VideoNumber":"76","EventNumber":"107","Time":{"Start":"03:20:01","End":"03:20:24"}},{"VideoNumber":"76","EventNumber":"108","Time":{"Start":"03:20:21","End":"03:20:44"}},{"VideoNumber":"76","EventNumber":"109","Time":{"Start":"03:20:41","End":"03:21:04"}},{"VideoNumber":"76","EventNumber":"110","Time":{"Start":"03:21:31","End":"03:21:54"}},{"VideoNumber":"76","EventNumber":"111","Time":{"Start":"03:22:21","End":"03:22:44"}},{"VideoNumber":"76","EventNumber":"112","Time":{"Start":"03:22:31","End":"03:22:54"}},{"VideoNumber":"76","EventNumber":"113","Time":{"Start":"03:23:01","End":"03:23:24"}},{"VideoNumber":"76","EventNumber":"114","Time":{"Start":"03:24:11","End":"03:24:34"}},{"VideoNumber":"76","EventNumber":"115","Time":{"Start":"03:24:41","End":"03:25:04"}},{"VideoNumber":"76","EventNumber":"116","Time":{"Start":"03:26:41","End":"03:27:04"}},{"VideoNumber":"76","EventNumber":"117","Time":{"Start":"03:27:31","End":"03:27:54"}},{"VideoNumber":"76","EventNumber":"118","Time":{"Start":"03:28:11","End":"03:28:34"}},{"VideoNumber":"76","EventNumber":"119","Time":{"Start":"03:30:21","End":"03:30:44"}},{"VideoNumber":"76","EventNumber":"120","Time":{"Start":"03:30:51","End":"03:31:14"}},{"VideoNumber":"76","EventNumber":"121","Time":{"Start":"03:31:21","End":"03:31:44"}},{"VideoNumber":"76","EventNumber":"122","Time":{"Start":"03:33:11","End":"03:33:34"}},{"VideoNumber":"76","EventNumber":"123","Time":{"Start":"03:34:41","End":"03:35:04"}},{"VideoNumber":"76","EventNumber":"124","Time":{"Start":"03:35:51","End":"03:36:14"}},{"VideoNumber":"76","EventNumber":"125","Time":{"Start":"03:38:01","End":"03:38:24"}},{"VideoNumber":"76","EventNumber":"126","Time":{"Start":"03:39:01","End":"03:39:24"}},{"VideoNumber":"76","EventNumber":"127","Time":{"Start":"03:39:11","End":"03:39:34"}},{"VideoNumber":"76","EventNumber":"128","Time":{"Start":"03:40:11","End":"03:40:34"}},{"VideoNumber":"76","EventNumber":"129","Time":{"Start":"03:40:51","End":"03:41:14"}},{"VideoNumber":"76","EventNumber":"130","Time":{"Start":"03:43:11","End":"03:43:34"}},{"VideoNumber":"76","EventNumber":"131","Time":{"Start":"03:43:31","End":"03:43:54"}},{"VideoNumber":"76","EventNumber":"132","Time":{"Start":"03:45:01","End":"03:45:24"}},{"VideoNumber":"76","EventNumber":"133","Time":{"Start":"03:46:41","End":"03:47:04"}},{"VideoNumber":"76","EventNumber":"134","Time":{"Start":"03:46:51","End":"03:47:14"}},{"VideoNumber":"76","EventNumber":"135","Time":{"Start":"03:47:01","End":"03:47:24"}},{"VideoNumber":"76","EventNumber":"136","Time":{"Start":"03:47:41","End":"03:48:04"}},{"VideoNumber":"76","EventNumber":"137","Time":{"Start":"03:48:11","End":"03:48:34"}},{"VideoNumber":"76","EventNumber":"138","Time":{"Start":"04:31:51","End":"04:32:14"}},{"VideoNumber":"76","EventNumber":"139","Time":{"Start":"04:32:31","End":"04:32:54"}},{"VideoNumber":"76","EventNumber":"140","Time":{"Start":"04:33:31","End":"04:33:54"}},{"VideoNumber":"76","EventNumber":"141","Time":{"Start":"04:34:51","End":"04:35:14"}},{"VideoNumber":"76","EventNumber":"142","Time":{"Start":"04:35:31","End":"04:35:54"}},{"VideoNumber":"76","EventNumber":"143","Time":{"Start":"04:37:11","End":"04:37:34"}},{"VideoNumber":"76","EventNumber":"144","Time":{"Start":"04:38:51","End":"04:39:14"}},{"VideoNumber":"76","EventNumber":"145","Time":{"Start":"04:42:01","End":"04:42:24"}},{"VideoNumber":"76","EventNumber":"146","Time":{"Start":"04:43:11","End":"04:43:34"}},{"VideoNumber":"76","EventNumber":"147","Time":{"Start":"04:46:31","End":"04:46:54"}},{"VideoNumber":"76","EventNumber":"148","Time":{"Start":"04:46:51","End":"04:47:14"}},{"VideoNumber":"76","EventNumber":"149","Time":{"Start":"04:48:31","End":"04:48:54"}},{"VideoNumber":"76","EventNumber":"150","Time":{"Start":"04:51:01","End":"04:51:24"}},{"VideoNumber":"76","EventNumber":"151","Time":{"Start":"04:52:51","End":"04:53:14"}},{"VideoNumber":"76","EventNumber":"152","Time":{"Start":"04:54:11","End":"04:54:34"}},{"VideoNumber":"76","EventNumber":"153","Time":{"Start":"04:58:01","End":"04:58:24"}},{"VideoNumber":"76","EventNumber":"154","Time":{"Start":"04:58:31","End":"04:58:54"}},{"VideoNumber":"76","EventNumber":"155","Time":{"Start":"05:02:11","End":"05:02:34"}},{"VideoNumber":"76","EventNumber":"156","Time":{"Start":"05:02:21","End":"05:02:44"}},{"VideoNumber":"76","EventNumber":"157","Time":{"Start":"05:07:31","End":"05:07:54"}},{"VideoNumber":"76","EventNumber":"158","Time":{"Start":"05:07:51","End":"05:08:14"}},{"VideoNumber":"76","EventNumber":"159","Time":{"Start":"05:09:41","End":"05:10:04"}},{"VideoNumber":"76","EventNumber":"160","Time":{"Start":"06:35:21","End":"06:35:44"}},{"VideoNumber":"76","EventNumber":"161","Time":{"Start":"06:42:11","End":"06:42:34"}},{"VideoNumber":"76","EventNumber":"162","Time":{"Start":"06:42:31","End":"06:42:54"}},{"VideoNumber":"76","EventNumber":"163","Time":{"Start":"06:42:51","End":"06:43:14"}},{"VideoNumber":"76","EventNumber":"164","Time":{"Start":"06:43:31","End":"06:43:54"}},{"VideoNumber":"76","EventNumber":"165","Time":{"Start":"06:43:51","End":"06:44:14"}},{"VideoNumber":"76","EventNumber":"166","Time":{"Start":"06:44:51","End":"06:45:14"}},{"VideoNumber":"76","EventNumber":"167","Time":{"Start":"06:46:11","End":"06:46:34"}},{"VideoNumber":"76","EventNumber":"168","Time":{"Start":"06:46:51","End":"06:47:14"}},{"VideoNumber":"76","EventNumber":"169","Time":{"Start":"06:48:11","End":"06:48:34"}},{"VideoNumber":"76","EventNumber":"170","Time":{"Start":"06:48:41","End":"06:49:04"}},{"VideoNumber":"76","EventNumber":"171","Time":{"Start":"06:49:31","End":"06:49:54"}},{"VideoNumber":"76","EventNumber":"172","Time":{"Start":"06:52:31","End":"06:52:54"}},{"VideoNumber":"76","EventNumber":"173","Time":{"Start":"06:55:21","End":"06:55:44"}},{"VideoNumber":"76","EventNumber":"174","Time":{"Start":"06:57:51","End":"06:58:14"}},{"VideoNumber":"76","EventNumber":"175","Time":{"Start":"06:58:21","End":"06:58:44"}},{"VideoNumber":"76","EventNumber":"176","Time":{"Start":"06:59:31","End":"06:59:54"}},{"VideoNumber":"52","EventNumber":"177","Time":{"Start":"02:05:51","End":"02:06:14"}},{"VideoNumber":"52","EventNumber":"178","Time":{"Start":"02:06:11","End":"02:06:34"}},{"VideoNumber":"52","EventNumber":"179","Time":{"Start":"02:10:21","End":"02:10:44"}},{"VideoNumber":"52","EventNumber":"180","Time":{"Start":"02:10:41","End":"02:11:04"}},{"VideoNumber":"52","EventNumber":"181","Time":{"Start":"02:11:01","End":"02:11:24"}},{"VideoNumber":"52","EventNumber":"182","Time":{"Start":"02:11:21","End":"02:11:44"}},{"VideoNumber":"52","EventNumber":"183","Time":{"Start":"02:11:41","End":"02:12:04"}},{"VideoNumber":"52","EventNumber":"184","Time":{"Start":"02:12:11","End":"02:12:34"}},{"VideoNumber":"52","EventNumber":"185","Time":{"Start":"02:12:51","End":"02:13:14"}},{"VideoNumber":"52","EventNumber":"186","Time":{"Start":"02:13:01","End":"02:13:24"}},{"VideoNumber":"52","EventNumber":"187","Time":{"Start":"02:13:31","End":"02:13:54"}},{"VideoNumber":"52","EventNumber":"188","Time":{"Start":"02:14:01","End":"02:14:24"}},{"VideoNumber":"52","EventNumber":"189","Time":{"Start":"02:14:31","End":"02:14:54"}},{"VideoNumber":"52","EventNumber":"190","Time":{"Start":"02:15:01","End":"02:15:24"}},{"VideoNumber":"52","EventNumber":"191","Time":{"Start":"02:15:21","End":"02:15:44"}},{"VideoNumber":"52","EventNumber":"192","Time":{"Start":"02:15:51","End":"02:16:14"}},{"VideoNumber":"52","EventNumber":"193","Time":{"Start":"02:17:31","End":"02:17:54"}},{"VideoNumber":"52","EventNumber":"194","Time":{"Start":"02:17:41","End":"02:18:04"}},{"VideoNumber":"52","EventNumber":"195","Time":{"Start":"02:18:41","End":"02:19:04"}},{"VideoNumber":"52","EventNumber":"196","Time":{"Start":"02:19:01","End":"02:19:24"}},{"VideoNumber":"52","EventNumber":"197","Time":{"Start":"02:19:31","End":"02:19:54"}},{"VideoNumber":"52","EventNumber":"198","Time":{"Start":"02:20:11","End":"02:20:34"}},{"VideoNumber":"52","EventNumber":"199","Time":{"Start":"02:21:11","End":"02:21:34"}},{"VideoNumber":"52","EventNumber":"200","Time":{"Start":"02:21:51","End":"02:22:14"}},{"VideoNumber":"52","EventNumber":"201","Time":{"Start":"02:22:51","End":"02:23:14"}},{"VideoNumber":"52","EventNumber":"202","Time":{"Start":"02:23:11","End":"02:23:34"}},{"VideoNumber":"2","EventNumber":"203","Time":{"Start":"06:21:26","End":"06:21:49"}},{"VideoNumber":"2","EventNumber":"204","Time":{"Start":"06:23:06","End":"06:23:29"}},{"VideoNumber":"2","EventNumber":"205","Time":{"Start":"06:24:06","End":"06:24:29"}},{"VideoNumber":"2","EventNumber":"206","Time":{"Start":"06:24:46","End":"06:25:09"}},{"VideoNumber":"2","EventNumber":"207","Time":{"Start":"06:25:26","End":"06:25:49"}},{"VideoNumber":"2","EventNumber":"208","Time":{"Start":"06:26:46","End":"06:27:09"}},{"VideoNumber":"2","EventNumber":"209","Time":{"Start":"06:29:36","End":"06:29:59"}},{"VideoNumber":"2","EventNumber":"210","Time":{"Start":"06:30:36","End":"06:30:59"}},{"VideoNumber":"2","EventNumber":"211","Time":{"Start":"06:31:16","End":"06:31:39"}},{"VideoNumber":"2","EventNumber":"212","Time":{"Start":"06:34:36","End":"06:34:59"}},{"VideoNumber":"2","EventNumber":"213","Time":{"Start":"06:36:36","End":"06:36:59"}},{"VideoNumber":"2","EventNumber":"214","Time":{"Start":"06:38:16","End":"06:38:39"}},{"VideoNumber":"2","EventNumber":"215","Time":{"Start":"06:39:16","End":"06:39:39"}},{"VideoNumber":"2","EventNumber":"216","Time":{"Start":"06:41:06","End":"06:41:29"}},{"VideoNumber":"2","EventNumber":"217","Time":{"Start":"06:42:06","End":"06:42:29"}},{"VideoNumber":"2","EventNumber":"218","Time":{"Start":"06:43:46","End":"06:44:09"}},{"VideoNumber":"2","EventNumber":"219","Time":{"Start":"06:44:56","End":"06:45:19"}},{"VideoNumber":"2","EventNumber":"220","Time":{"Start":"06:46:36","End":"06:46:59"}},{"VideoNumber":"2","EventNumber":"221","Time":{"Start":"06:47:16","End":"06:47:39"}},{"VideoNumber":"2","EventNumber":"222","Time":{"Start":"06:48:46","End":"06:49:09"}},{"VideoNumber":"2","EventNumber":"223","Time":{"Start":"06:49:16","End":"06:49:39"}},{"VideoNumber":"2","EventNumber":"224","Time":{"Start":"06:49:56","End":"06:50:19"}},{"VideoNumber":"2","EventNumber":"225","Time":{"Start":"06:50:56","End":"06:51:19"}},{"VideoNumber":"2","EventNumber":"226","Time":{"Start":"06:52:06","End":"06:52:29"}},{"VideoNumber":"2","EventNumber":"227","Time":{"Start":"06:53:06","End":"06:53:29"}},{"VideoNumber":"2","EventNumber":"228","Time":{"Start":"06:53:46","End":"06:54:09"}},{"VideoNumber":"2","EventNumber":"229","Time":{"Start":"06:54:36","End":"06:54:59"}},{"VideoNumber":"2","EventNumber":"230","Time":{"Start":"06:56:06","End":"06:56:29"}},{"VideoNumber":"2","EventNumber":"231","Time":{"Start":"06:57:46","End":"06:58:09"}},{"VideoNumber":"2","EventNumber":"232","Time":{"Start":"06:58:36","End":"06:58:59"}},{"VideoNumber":"2","EventNumber":"233","Time":{"Start":"06:59:06","End":"06:59:29"}},{"VideoNumber":"2","EventNumber":"234","Time":{"Start":"07:01:26","End":"07:01:49"}},{"VideoNumber":"2","EventNumber":"235","Time":{"Start":"07:03:56","End":"07:04:19"}},{"VideoNumber":"2","EventNumber":"236","Time":{"Start":"07:04:26","End":"07:04:49"}},{"VideoNumber":"2","EventNumber":"237","Time":{"Start":"07:11:16","End":"07:11:39"}},{"VideoNumber":"2","EventNumber":"238","Time":{"Start":"07:12:46","End":"07:13:09"}},{"VideoNumber":"2","EventNumber":"239","Time":{"Start":"07:14:06","End":"07:14:29"}},{"VideoNumber":"2","EventNumber":"240","Time":{"Start":"07:14:56","End":"07:15:19"}},{"VideoNumber":"2","EventNumber":"241","Time":{"Start":"07:17:46","End":"07:18:09"}},{"VideoNumber":"2","EventNumber":"242","Time":{"Start":"07:18:26","End":"07:18:49"}},{"VideoNumber":"2","EventNumber":"243","Time":{"Start":"07:19:26","End":"07:19:49"}},{"VideoNumber":"2","EventNumber":"244","Time":{"Start":"07:20:06","End":"07:20:29"}},{"VideoNumber":"2","EventNumber":"245","Time":{"Start":"07:22:56","End":"07:23:19"}},{"VideoNumber":"2","EventNumber":"246","Time":{"Start":"07:23:36","End":"07:23:59"}},{"VideoNumber":"2","EventNumber":"247","Time":{"Start":"07:25:46","End":"07:26:09"}},{"VideoNumber":"2","EventNumber":"248","Time":{"Start":"07:26:56","End":"07:27:19"}},{"VideoNumber":"2","EventNumber":"249","Time":{"Start":"07:29:46","End":"07:30:09"}},{"VideoNumber":"2","EventNumber":"250","Time":{"Start":"07:31:16","End":"07:31:39"}},{"VideoNumber":"2","EventNumber":"251","Time":{"Start":"07:31:56","End":"07:32:19"}},{"VideoNumber":"2","EventNumber":"252","Time":{"Start":"07:32:26","End":"07:32:49"}},{"VideoNumber":"2","EventNumber":"253","Time":{"Start":"07:33:06","End":"07:33:29"}},{"VideoNumber":"2","EventNumber":"254","Time":{"Start":"07:40:26","End":"07:40:49"}}]